country,origin_country,shipment mode,product group,weight (kilograms),line item quantity,distance_km,actual_freight_usd,predicted_freight_usd,gap_pct,dollars_over,anomaly_flag
Kenya,China,Air,HRDT,18580.0,20000,7894.281630259921,241407.27,65631.0,268.0,175776.0,True
Nigeria,India,Air Charter,ARV,87076.0,320300,7611.3286521920445,194623.44,69146.0,181.0,125477.0,True
Rwanda,India,Ocean,ARV,6853.0,23240,5901.606599964873,81246.12,15108.0,438.0,66138.0,True
Rwanda,India,Air,ARV,6701.0,83400,5901.606599964873,87692.85,22299.0,293.0,65394.0,True
Nigeria,Unknown,Air,HRDT,1235.0,2744,6987.027224085871,88176.17,23293.0,279.0,64883.0,True
Rwanda,India,Air,ARV,5364.0,44131,5901.606599964873,81670.57,20698.0,295.0,60973.0,True
Rwanda,India,Air,ARV,12605.0,33792,5901.606599964873,72991.45,24606.0,197.0,48385.0,True
Rwanda,India,Ocean,ARV,4426.0,39330,5901.606599964873,66916.5,19892.0,236.0,47024.0,True
Ethiopia,China,Air,HRDT,13749.0,22497,7051.232952319537,152368.7,106920.0,43.0,45449.0,False
South Africa,India,Ocean,ARV,127.0,2452,8255.030415213043,47101.63,5299.0,789.0,41803.0,True
Rwanda,India,Air,ARV,7416.0,10000,5901.606599964873,64179.42,24861.0,158.0,39318.0,True
Haiti,India,Air,ARV,7100.0,36139,14614.836973515425,68243.0,30359.0,125.0,37884.0,True
Zambia,India,Truck,ARV,7140.0,25482,6727.714554318774,47532.09,9926.0,379.0,37606.0,True
Haiti,India,Air,ARV,7225.0,39312,14614.836973515425,69748.5,33223.0,110.0,36526.0,True
Nigeria,India,Air Charter,ARV,935.0,11605,7611.3286521920445,49199.75,15678.0,214.0,33522.0,True
Rwanda,India,Air,ARV,7278.0,54432,5901.606599964873,61925.7,30046.0,106.0,31880.0,True
Zimbabwe,India,Truck,ARV,12779.0,125000,6987.027224085871,41772.09,10984.0,280.0,30788.0,True
Nigeria,India,Air Charter,ARV,1054.0,17782,7611.3286521920445,41352.75,11703.0,253.0,29650.0,True
Uganda,India,Air,ARV,14143.0,54728,5494.787724227901,100654.61,71114.0,42.0,29541.0,False
Nigeria,India,Air,ARV,7973.0,16870,7611.3286521920445,51090.0,21691.0,136.0,29399.0,True
Tanzania,India,Truck,ARV,9400.0,76134,5670.6009127527595,43758.8,14729.0,197.0,29030.0,True
Nigeria,India,Air Charter,ARV,48.0,284,7611.3286521920445,34218.36,5590.0,512.0,28628.0,True
Rwanda,Germany,Truck,ARV,2518.0,11193,6184.710496273963,33986.07,5767.0,489.0,28219.0,True
Zimbabwe,India,Air,ARV,7806.0,37240,6987.027224085871,45047.32,17862.0,152.0,27185.0,True
"Congo, DRC",India,Air,ARV,6247.0,55300,6809.558318054198,61201.46,34306.0,78.0,26895.0,True
Nigeria,India,Air Charter,ARV,2252.0,3000,7611.3286521920445,43548.0,17964.0,142.0,25584.0,True
Cameroon,India,Air Charter,ARV,43571.0,152000,7290.254838126915,67732.54,42581.0,59.0,25152.0,True
Zambia,India,Truck,ARV,6502.0,180892,6727.714554318774,34400.04,9256.0,272.0,25144.0,True
Zimbabwe,India,Truck,ARV,65471.0,8977,6987.027224085871,64802.96,39718.0,63.0,25085.0,True
Nigeria,India,Air,ARV,6183.0,55851,7611.3286521920445,47281.56,22353.0,112.0,24929.0,True
"Congo, DRC",India,Air,ARV,5897.0,647,6809.558318054198,40434.04,15539.0,160.0,24895.0,True
Nigeria,India,Air Charter,ARV,35884.0,121000,7611.3286521920445,68103.71,43398.0,57.0,24706.0,True
Tanzania,India,Air,ARV,6650.0,2011,5670.6009127527595,36855.6,12277.0,200.0,24579.0,True
Uganda,India,Air,ARV,5748.0,24000,5494.787724227901,38957.51,15154.0,157.0,23804.0,True
Zambia,India,Truck,ARV,28276.0,54000,6727.714554318774,46157.86,22401.0,106.0,23757.0,True
Côte d'Ivoire,India,Truck,ARV,12199.0,100000,9145.215414724224,46520.17,23578.0,97.0,22942.0,True
Nigeria,Unknown,Air,HRDT,3090.0,9347,6987.027224085871,60185.33,37395.0,61.0,22790.0,True
Zimbabwe,India,Truck,ARV,704.0,7867,6987.027224085871,25568.0,3610.0,608.0,21958.0,True
Cameroon,Unknown,Air,HRDT,2090.0,1000,6987.027224085871,51331.09,30022.0,71.0,21309.0,True
Zimbabwe,India,Truck,ARV,8912.0,76000,6987.027224085871,35513.01,14326.0,148.0,21187.0,True
Rwanda,India,Air,ARV,2003.0,7541,5901.606599964873,32401.62,11227.0,189.0,21175.0,True
Rwanda,Unknown,Air,ARV,108.0,400,6987.027224085871,23000.34,2125.0,982.0,20875.0,True
Tanzania,India,Air,ARV,9635.0,90323,5670.6009127527595,52979.7,32411.0,63.0,20569.0,True
Burundi,Unknown,Air,HRDT,1415.0,3484,6987.027224085871,33228.68,12668.0,162.0,20561.0,True
Nigeria,India,Air Charter,ARV,12686.0,95000,7611.3286521920445,41332.14,20984.0,97.0,20348.0,True
Zimbabwe,India,Truck,ARV,58270.0,221799,6987.027224085871,47389.63,27086.0,75.0,20304.0,True
Tanzania,India,Truck,ARV,7397.0,90000,5670.6009127527595,28022.17,7944.0,253.0,20078.0,True
Mozambique,India,Air,ARV,4241.0,200,6437.843005419046,25442.0,5767.0,341.0,19675.0,True
Nigeria,India,Air Charter,ARV,11276.0,77333,7611.3286521920445,43548.0,24018.0,81.0,19530.0,True
Rwanda,India,Air,ARV,2768.0,34464,5901.606599964873,29603.24,10709.0,176.0,18894.0,True
Uganda,India,Air,ARV,3988.0,25680,5494.787724227901,39037.7,20447.0,91.0,18591.0,True
Nigeria,India,Air Charter,ARV,18750.0,4000,7611.3286521920445,36027.0,17547.0,105.0,18480.0,True
Zimbabwe,Japan,Air,HRDT,2124.0,4309,12924.771965215963,40520.83,22250.0,82.0,18271.0,True
Uganda,India,Truck,ARV,6960.0,99404,5494.787724227901,29545.05,11517.0,157.0,18028.0,True
Nigeria,India,Air Charter,ARV,38992.0,100000,7611.3286521920445,49199.75,31314.0,57.0,17886.0,True
Uganda,India,Air,ARV,19158.0,36007,5494.787724227901,106022.37,88532.0,20.0,17490.0,False
Kenya,Unknown,Air,HRDT,2278.0,7982,6987.027224085871,31382.03,13950.0,125.0,17432.0,True
Zambia,India,Unknown,ARV,8169.0,85158,6727.714554318774,33572.78,16288.0,106.0,17285.0,True
Côte d'Ivoire,India,Truck,ARV,21.0,21497,9145.215414724224,22007.39,5016.0,339.0,16991.0,True
Côte d'Ivoire,India,Air,ARV,2510.0,6777,9145.215414724224,23907.05,6916.0,246.0,16991.0,True
Nigeria,India,Air Charter,ARV,70109.0,141764,7611.3286521920445,43548.0,26860.0,62.0,16688.0,True
Zambia,India,Unknown,ARV,9386.0,2091,6727.714554318774,33363.16,16761.0,99.0,16602.0,True
Zambia,India,Unknown,ARV,6230.0,5496,6727.714554318774,25739.49,9267.0,178.0,16472.0,True
Rwanda,India,Air,ARV,2791.0,32510,5901.606599964873,28336.18,11934.0,137.0,16402.0,True
Zambia,India,Unknown,ARV,9182.0,52865,6727.714554318774,37695.46,21437.0,76.0,16258.0,True
Rwanda,Japan,Air,HRDT,1136.0,5000,11777.624136434057,49573.62,33344.0,49.0,16230.0,False
Zimbabwe,Germany,Air,ARV,3991.0,19922,8014.585489612972,34670.93,18540.0,87.0,16131.0,True
Uganda,India,Truck,ARV,4133.0,30874,5494.787724227901,24362.92,8546.0,185.0,15817.0,True
Uganda,India,Truck,ARV,2875.0,30107,5494.787724227901,23675.63,7991.0,196.0,15685.0,True
Nigeria,India,Air Charter,ARV,485.0,4314,7611.3286521920445,22985.73,7480.0,207.0,15506.0,True
Nigeria,India,Air Charter,ARV,506.0,4501,7611.3286521920445,22985.72,7480.0,207.0,15506.0,True
Vietnam,India,Air,ARV,9170.0,95500,3190.290936791937,42453.21,26996.0,57.0,15457.0,True
Côte d'Ivoire,India,Air,ARV,1567.0,21360,9145.215414724224,21821.95,6424.0,240.0,15398.0,True
Nigeria,Japan,Air,HRDT,2440.0,5100,12729.905815964998,43692.46,28312.0,54.0,15380.0,True
Vietnam,India,Air,ARV,3822.0,1000,3190.290936791937,25124.12,9774.0,157.0,15350.0,True
Zambia,Unknown,Air,HRDT,1363.0,5996,6987.027224085871,22171.8,7087.0,213.0,15085.0,True
Nigeria,India,Air Charter,ARV,5605.0,85800,7611.3286521920445,45180.63,30749.0,47.0,14432.0,False
Rwanda,India,Air,ARV,1239.0,12000,5901.606599964873,28202.0,13878.0,103.0,14324.0,True
Vietnam,India,Air,ARV,4300.0,98400,3190.290936791937,27923.26,14226.0,96.0,13697.0,True
Mozambique,India,Truck,ARV,20316.0,109554,6437.843005419046,25790.82,12194.0,112.0,13597.0,True
Nigeria,India,Air,ARV,50634.0,204417,7611.3286521920445,51090.0,37647.0,36.0,13443.0,False
Tanzania,India,Air,ARV,6240.0,40000,5670.6009127527595,27922.62,14849.0,88.0,13074.0,True
Zambia,India,Truck,ARV,10615.0,132000,6727.714554318774,22520.71,9482.0,138.0,13039.0,True
Zimbabwe,Unknown,Air,ARV,6090.0,6914,6987.027224085871,41141.5,28521.0,44.0,12620.0,False
Côte d'Ivoire,India,Air,ARV,1135.0,448,9145.215414724224,17941.47,5503.0,226.0,12438.0,True
Mozambique,Japan,Air,HRDT,1593.0,3300,12336.116068786176,29373.14,17026.0,73.0,12347.0,True
Uganda,India,Air,ARV,972.0,4001,5494.787724227901,17102.56,4853.0,252.0,12250.0,True
South Africa,India,Ocean,ARV,18462.0,50000,8255.030415213043,22647.81,10533.0,115.0,12115.0,True
Vietnam,Unknown,Air,ARV,304.0,1320,6987.027224085871,13453.12,1370.0,882.0,12083.0,True
Zambia,India,Truck,ARV,10681.0,500,6727.714554318774,17384.76,5339.0,226.0,12046.0,True
Haiti,India,Air,ARV,2565.0,31836,14614.836973515425,25670.1,13650.0,88.0,12020.0,True
Namibia,Unknown,Air,HRDT,687.0,2000,6987.027224085871,17918.72,5934.0,202.0,11985.0,True
Kenya,Unknown,Air,HRDT,2.0,5,6987.027224085871,12561.4,829.0,1415.0,11732.0,True
Nigeria,India,Air Charter,ARV,13392.0,105014,7611.3286521920445,37242.5,25527.0,46.0,11716.0,False
Nigeria,United States,Air,ACT,10.0,2000,10649.157965231565,14515.44,2835.0,412.0,11680.0,True
South Africa,India,Ocean,ARV,7778.0,92500,8255.030415213043,20684.73,9075.0,128.0,11610.0,True
Nigeria,India,Ocean,ARV,1626.0,13334,7611.3286521920445,17096.24,5616.0,204.0,11480.0,True
Nigeria,India,Air Charter,ARV,1169.0,27137,7611.3286521920445,28812.58,17551.0,64.0,11262.0,True
Vietnam,India,Air,ARV,4806.0,42699,3190.290936791937,18700.09,7554.0,148.0,11146.0,True
Zambia,India,Unknown,ARV,6243.0,66370,6727.714554318774,25729.7,14642.0,76.0,11088.0,True
Zambia,India,Air,ARV,11179.0,60784,6727.714554318774,49824.57,38752.0,29.0,11073.0,False
Nigeria,Japan,Air,HRDT,1927.0,6502,12729.905815964998,24870.05,13988.0,78.0,10882.0,True
Nigeria,India,Air Charter,ARV,5977.0,40409,7611.3286521920445,29674.92,18865.0,57.0,10810.0,True
Nigeria,India,Air Charter,ARV,73.0,848,7611.3286521920445,14547.55,3746.0,288.0,10802.0,True
Côte d'Ivoire,India,Truck,ARV,17769.0,90000,9145.215414724224,36897.57,26198.0,41.0,10700.0,False
Rwanda,India,Air,ARV,1048.0,10537,5901.606599964873,18613.69,8344.0,123.0,10270.0,True
Côte d'Ivoire,India,Air,ARV,317.0,5670,9145.215414724224,12648.36,2769.0,357.0,9879.0,True
Nigeria,India,Air Charter,ARV,394.0,6398,7611.3286521920445,26340.0,16486.0,60.0,9854.0,True
Kenya,Japan,Air,HRDT,2951.0,10000,10935.686596380143,31923.61,22157.0,44.0,9767.0,False
South Africa,India,Air,ARV,4386.0,11640,8255.030415213043,12917.3,3543.0,265.0,9374.0,True
South Sudan,India,Air,ARV,2652.0,6200,5435.830157164028,22788.95,13531.0,68.0,9258.0,True
Rwanda,Japan,Air,HRDT,986.0,4327,11777.624136434057,26574.61,17406.0,53.0,9169.0,True
Nigeria,India,Air Charter,ARV,1296.0,13481,7611.3286521920445,20761.0,11647.0,78.0,9114.0,True
Vietnam,India,Air,ARV,1955.0,22500,3190.290936791937,16095.39,6988.0,130.0,9107.0,True
Nigeria,India,Air Charter,ARV,814.0,8257,7611.3286521920445,17090.0,7983.0,114.0,9107.0,True
Tanzania,India,Air,ARV,6007.0,17000,5670.6009127527595,20395.6,11526.0,77.0,8870.0,True
Nigeria,Unknown,Air,HRDT,4388.0,10798,6987.027224085871,66059.65,57310.0,15.0,8750.0,False
Mozambique,India,Truck,ARV,27345.0,15600,6437.843005419046,20994.62,12360.0,70.0,8635.0,True
Zambia,India,Truck,ARV,17177.0,166295,6727.714554318774,29971.59,21529.0,39.0,8443.0,False
Mozambique,India,Truck,ARV,12408.0,7442,6437.843005419046,15645.33,7241.0,116.0,8404.0,True
Côte d'Ivoire,India,Truck,ARV,303.0,3765,9145.215414724224,12102.81,3804.0,218.0,8299.0,True
Mozambique,Unknown,Air,HRDT,1477.0,3094,6987.027224085871,27686.29,19406.0,43.0,8280.0,False
Mozambique,India,Truck,ARV,19143.0,150000,6437.843005419046,16660.04,8541.0,95.0,8119.0,True
Rwanda,India,Air,ARV,5551.0,58234,5901.606599964873,49069.74,41090.0,19.0,7980.0,False
South Africa,India,Ocean,ARV,10956.0,128887,8255.030415213043,16429.12,8487.0,94.0,7942.0,True
South Africa,India,Ocean,ARV,7346.0,69125,8255.030415213043,19261.02,11342.0,70.0,7919.0,True
Uganda,India,Truck,ARV,2641.0,30000,5494.787724227901,19673.48,11844.0,66.0,7829.0,True
Zambia,Unknown,Air,HRDT,2492.0,6137,6987.027224085871,32728.96,24905.0,31.0,7824.0,False
Swaziland,India,Air,ARV,5856.0,45113,7324.285829851696,22711.84,15015.0,51.0,7697.0,True
Nigeria,India,Air Charter,ARV,107.0,1639,7611.3286521920445,18495.9,10896.0,70.0,7600.0,True
Zimbabwe,India,Truck,ARV,3951.0,1860,6987.027224085871,13788.25,6296.0,119.0,7492.0,True
Zimbabwe,India,Truck,ARV,2520.0,40869,6987.027224085871,15000.0,7553.0,99.0,7447.0,True
Côte d'Ivoire,India,Air,ARV,955.0,17820,9145.215414724224,12606.03,5286.0,138.0,7320.0,True
Côte d'Ivoire,India,Truck,ARV,315.0,8000,9145.215414724224,10807.98,3550.0,204.0,7258.0,True
Nigeria,India,Air Charter,ARV,40.0,361,7611.3286521920445,15322.73,8072.0,90.0,7251.0,True
Tanzania,India,Air,ARV,4611.0,36451,5670.6009127527595,20618.55,13488.0,53.0,7131.0,True
South Africa,India,Ocean,ARV,16260.0,45000,8255.030415213043,17060.14,9989.0,71.0,7071.0,True
Haiti,India,Air,ARV,1038.0,2757,14614.836973515425,11774.5,4721.0,149.0,7054.0,True
Rwanda,India,Air,ARV,718.0,6985,5901.606599964873,12688.85,5718.0,122.0,6971.0,True
Ghana,India,Air,ARV,4707.0,38692,8660.640535331582,32683.47,25733.0,27.0,6950.0,False
Nigeria,Unknown,Air,HRDT,2402.0,5905,6987.027224085871,35747.28,28810.0,24.0,6937.0,False
Uganda,India,Truck,ARV,2078.0,8517,5494.787724227901,15761.76,8828.0,79.0,6934.0,True
Nigeria,India,Air,ARV,798.0,12847,7611.3286521920445,15459.09,8635.0,79.0,6824.0,True
Côte d'Ivoire,Unknown,Air,HRDT,1473.0,3100,6987.027224085871,29742.64,22937.0,30.0,6806.0,False
Zambia,Unknown,Air,HRDT,1080.0,2607,6987.027224085871,19598.71,12912.0,52.0,6687.0,True
Mozambique,India,Truck,ARV,9937.0,26807,6437.843005419046,14700.0,8035.0,83.0,6665.0,True
Côte d'Ivoire,Unknown,Air,HRDT,3374.0,5750,6987.027224085871,24821.13,18174.0,37.0,6647.0,False
Zambia,Unknown,Air,HRDT,3000.0,9000,6987.027224085871,34902.96,28273.0,23.0,6630.0,False
Zimbabwe,India,Truck,ARV,2277.0,131520,6987.027224085871,12000.0,5427.0,121.0,6573.0,True
Vietnam,India,Air,ARV,120.0,336,3190.290936791937,9013.85,2463.0,266.0,6551.0,True
Zimbabwe,India,Truck,ARV,12810.0,5900,6987.027224085871,15919.75,9450.0,68.0,6470.0,True
Zambia,Unknown,Air,HRDT,2304.0,7000,6987.027224085871,33525.96,27221.0,23.0,6305.0,False
Vietnam,India,Air,ARV,3536.0,24480,3190.290936791937,20910.43,14628.0,43.0,6282.0,False
Zimbabwe,India,Truck,ARV,394.0,23090,6987.027224085871,11133.66,4852.0,129.0,6282.0,True
Mozambique,Unknown,Air,ARV,1054.0,470,6987.027224085871,7364.3,1147.0,542.0,6217.0,True
Nigeria,Unknown,Air,HRDT,1377.0,2890,6987.027224085871,32575.03,26398.0,23.0,6177.0,False
Zambia,India,Unknown,ARV,5989.0,52864,6727.714554318774,19590.04,13415.0,46.0,6175.0,False
Haiti,India,Air,ARV,1667.0,17843,14614.836973515425,19069.17,13005.0,47.0,6064.0,False
Liberia,Japan,Air,HRDT,252.0,520,14199.391881856189,8678.71,2615.0,232.0,6064.0,True
Zambia,India,Unknown,ARV,161.0,3334,6727.714554318774,7441.23,1392.0,435.0,6049.0,True
Nigeria,Unknown,Air,HRDT,3788.0,9335,6987.027224085871,61035.9,55040.0,11.0,5996.0,False
Cameroon,India,Air,ARV,4426.0,34910,7290.254838126915,37479.21,31511.0,19.0,5968.0,False
Uganda,India,Air,ARV,2501.0,20000,5494.787724227901,18520.22,12578.0,47.0,5942.0,False
Nigeria,India,Air Charter,ARV,11734.0,140273,7611.3286521920445,27441.22,21563.0,27.0,5878.0,False
Kenya,Unknown,Air,HRDT,2695.0,4926,6987.027224085871,11898.8,6031.0,97.0,5868.0,True
Zimbabwe,India,Air,ARV,2180.0,35000,6987.027224085871,19328.2,13496.0,43.0,5832.0,False
Nigeria,India,Air Charter,ARV,2376.0,27574,7611.3286521920445,25231.96,19490.0,29.0,5742.0,False
Rwanda,India,Truck,ARV,12079.0,5148,5901.606599964873,16971.93,11257.0,51.0,5715.0,True
Uganda,India,Air,ARV,1312.0,10372,5494.787724227901,14569.14,8878.0,64.0,5691.0,True
Côte d'Ivoire,India,Air,ARV,2521.0,21225,9145.215414724224,14336.95,8712.0,65.0,5625.0,True
Côte d'Ivoire,Unknown,Air,ARV,175.0,400,6987.027224085871,7642.97,2020.0,278.0,5623.0,True
Nigeria,India,Air Charter,ARV,108.0,1000,7611.3286521920445,18495.9,12902.0,43.0,5594.0,False
Vietnam,United States,Air,ARV,389.0,198,13797.909598912662,7286.16,1758.0,314.0,5528.0,True
South Africa,India,Ocean,ARV,9280.0,108129,8255.030415213043,15331.51,9873.0,55.0,5459.0,True
Zambia,India,Truck,ARV,586.0,10776,6727.714554318774,8045.76,2609.0,208.0,5437.0,True
South Africa,India,Ocean,ARV,7965.0,116000,8255.030415213043,13688.03,8251.0,66.0,5437.0,True
Tanzania,India,Truck,ARV,1337.0,13370,5670.6009127527595,10540.22,5158.0,104.0,5382.0,True
Nigeria,Unknown,Air,HRDT,2571.0,6340,6987.027224085871,37297.95,31929.0,17.0,5369.0,False
Rwanda,India,Ocean,ARV,2995.0,7840,5901.606599964873,20193.21,14903.0,35.0,5290.0,False
Nigeria,Unknown,Air,HRDT,2471.0,6101,6987.027224085871,35912.43,30679.0,17.0,5233.0,False
Nigeria,United States,Air,HRDT,3508.0,12315,10649.157965231565,29954.15,24980.0,20.0,4974.0,False
Côte d'Ivoire,India,Air,ARV,671.0,12240,9145.215414724224,8758.36,3800.0,130.0,4958.0,True
Mozambique,India,Truck,ARV,48109.0,100000,6437.843005419046,30202.86,25331.0,19.0,4872.0,False
Côte d'Ivoire,India,Air,ARV,134.0,632,9145.215414724224,8815.65,3985.0,121.0,4831.0,True
Rwanda,India,Air,ARV,526.0,5232,5901.606599964873,9994.57,5237.0,91.0,4758.0,True
Kenya,Unknown,Air,HRDT,1022.0,5938,6987.027224085871,15120.61,10376.0,46.0,4745.0,False
South Africa,India,Ocean,ARV,12974.0,35000,8255.030415213043,11138.89,6458.0,72.0,4681.0,True
South Africa,India,Ocean,ARV,1279.0,25342,8255.030415213043,11372.22,6700.0,70.0,4672.0,True
Zambia,India,Unknown,ARV,4398.0,43470,6727.714554318774,18137.64,13473.0,35.0,4665.0,False
Zambia,India,Truck,ARV,5111.0,32905,6727.714554318774,10944.73,6293.0,74.0,4652.0,True
South Africa,Canada,Air,ARV,1054.0,40000,15184.001183252583,11770.87,7201.0,63.0,4570.0,True
Vietnam,India,Air,ARV,5359.0,9023,3190.290936791937,18473.57,13965.0,32.0,4509.0,False
Rwanda,Japan,Air,HRDT,340.0,1500,11777.624136434057,9479.89,5045.0,88.0,4435.0,True
Tanzania,India,Air,ARV,3392.0,28755,5670.6009127527595,20294.85,15921.0,27.0,4374.0,False
Vietnam,Unknown,Air,ARV,254.0,1000,6987.027224085871,7828.28,3470.0,126.0,4358.0,True
Zambia,India,Truck,ARV,43128.0,200000,6727.714554318774,34543.36,30204.0,14.0,4339.0,False
Nigeria,Japan,Air,HRDT,1022.0,2128,12729.905815964998,23826.25,19494.0,22.0,4332.0,False
Côte d'Ivoire,India,Truck,ARV,24636.0,10000,9145.215414724224,46181.17,41859.0,10.0,4322.0,False
Côte d'Ivoire,India,Truck,ARV,3000.0,30000,9145.215414724224,12748.74,8445.0,51.0,4304.0,True
Uganda,India,Air,ARV,691.0,5131,5494.787724227901,8252.73,3962.0,108.0,4291.0,True
Uganda,India,Air,ARV,907.0,5000,5494.787724227901,9044.65,4757.0,90.0,4288.0,True
Tanzania,South Korea,Air,HRDT,3336.0,10000,10680.79369128951,28837.28,24641.0,17.0,4196.0,False
Côte d'Ivoire,India,Truck,ARV,6375.0,24097,9145.215414724224,18661.97,14475.0,29.0,4187.0,False
Vietnam,India,Air,ARV,389.0,1680,3190.290936791937,9674.88,5510.0,76.0,4165.0,True
Tanzania,India,Truck,ARV,2278.0,26300,5670.6009127527595,7865.4,3721.0,111.0,4144.0,True
South Africa,India,Ocean,ARV,3658.0,54008,8255.030415213043,12796.59,8675.0,48.0,4122.0,False
Tanzania,Japan,Air,HRDT,714.0,1500,11623.169023360913,13836.99,9751.0,42.0,4086.0,False
Nigeria,India,Air Charter,ARV,277.0,2389,7611.3286521920445,18495.9,14416.0,28.0,4080.0,False
Ethiopia,India,Air,ARV,1215.0,3286,4313.139241046661,8586.0,4545.0,89.0,4041.0,True
Nigeria,India,Air,ARV,3286.0,12984,7611.3286521920445,18208.0,14194.0,28.0,4014.0,False
Rwanda,China,Air,HRDT,2712.0,4068,8730.866233573326,37680.04,33783.0,12.0,3897.0,False
Mozambique,India,Truck,ARV,1102.0,4837,6437.843005419046,8406.81,4597.0,83.0,3810.0,True
South Africa,India,Ocean,ARV,10859.0,172428,8255.030415213043,17278.96,13547.0,28.0,3732.0,False
Tanzania,India,Truck,ARV,581.0,18317,5670.6009127527595,6311.88,2605.0,142.0,3707.0,True
Zambia,India,Truck,ARV,3898.0,27452,6727.714554318774,11292.05,7670.0,47.0,3622.0,False
Tanzania,Unknown,Air,HRDT,499.0,1044,6987.027224085871,9894.85,6316.0,57.0,3579.0,True
Côte d'Ivoire,India,Air,ARV,1841.0,5000,9145.215414724224,9447.08,5886.0,61.0,3561.0,True
Zambia,India,Truck,ARV,1677.0,15000,6727.714554318774,8510.81,4990.0,71.0,3521.0,True
Uganda,India,Air,ARV,210.0,2797,5494.787724227901,5841.92,2335.0,150.0,3507.0,True
Nigeria,India,Air Charter,ARV,14794.0,164867,7611.3286521920445,34099.18,30595.0,11.0,3504.0,False
Haiti,India,Air,ARV,2435.0,22000,14614.836973515425,25984.75,22523.0,15.0,3462.0,False
Nigeria,Germany,Air,ARV,1246.0,5000,4682.320667594115,10490.77,7052.0,49.0,3439.0,False
Tanzania,Unknown,Air,ARV,278.0,304,6987.027224085871,5656.74,2221.0,155.0,3436.0,True
Nigeria,India,Air Charter,ARV,2096.0,23991,7611.3286521920445,15128.37,11697.0,29.0,3431.0,False
Rwanda,India,Air,ARV,1766.0,16640,5901.606599964873,10500.0,7124.0,47.0,3376.0,False
Nigeria,Netherlands,Air,ARV,2067.0,25000,4796.867823534677,7933.38,4566.0,74.0,3367.0,True
Mozambique,India,Truck,ARV,1722.0,3035,6437.843005419046,5950.17,2603.0,129.0,3347.0,True
Nigeria,India,Air Charter,ARV,2267.0,25000,7611.3286521920445,15128.37,11865.0,28.0,3263.0,False
Guyana,Unknown,Air,HRDT,515.0,1500,6987.027224085871,8576.8,5339.0,61.0,3238.0,True
Tanzania,South Korea,Air,HRDT,3335.0,10000,10680.79369128951,27869.74,24641.0,13.0,3229.0,False
Rwanda,Unknown,Air,HRDT,385.0,1163,6987.027224085871,6269.97,3042.0,106.0,3228.0,True
Zambia,Unknown,Air,HRDT,553.0,1364,6987.027224085871,7845.09,4625.0,70.0,3220.0,True
Tanzania,India,Truck,ARV,945.0,10727,5670.6009127527595,7579.6,4372.0,73.0,3208.0,True
Haiti,India,Air,ARV,979.0,2613,14614.836973515425,11836.61,8636.0,37.0,3201.0,False
Uganda,India,Truck,ARV,4846.0,36273,5494.787724227901,13743.46,10554.0,30.0,3189.0,False
Rwanda,Unknown,Air,HRDT,468.0,1144,6987.027224085871,8806.76,5651.0,56.0,3156.0,True
Namibia,Unknown,Air,HRDT,231.0,737,6987.027224085871,5491.08,2335.0,135.0,3156.0,True
Kenya,Unknown,Truck,HRDT,297.0,1067,6987.027224085871,3616.67,493.0,634.0,3124.0,True
Vietnam,India,Air,ARV,1083.0,11755,3190.290936791937,9046.76,5929.0,53.0,3118.0,True
Rwanda,India,Air,ARV,197.0,150,5901.606599964873,5906.43,2798.0,111.0,3108.0,True
Guyana,India,Air,ARV,516.0,53,14618.447490015405,7663.16,4588.0,67.0,3075.0,True
Zambia,Unknown,Air,HRDT,266.0,2900,6987.027224085871,8308.74,5236.0,59.0,3073.0,True
Zambia,Japan,Air,HRDT,1051.0,2161,12686.238538124351,16633.36,13569.0,23.0,3064.0,False
Guyana,Japan,Air,HRDT,67.0,507,15110.925924355888,4400.85,1348.0,226.0,3053.0,True
Haiti,Netherlands,Air,ARV,702.0,150,7513.64886521118,8762.02,5728.0,53.0,3034.0,True
Mozambique,India,Truck,ARV,9674.0,1960,6437.843005419046,7921.0,4891.0,62.0,3030.0,True
Mozambique,India,Truck,ARV,249.0,2484,6437.843005419046,4754.19,1743.0,173.0,3011.0,True
Mozambique,India,Truck,ARV,17181.0,39600,6437.843005419046,15814.01,12814.0,23.0,3000.0,False
Uganda,India,Truck,ARV,1511.0,24657,5494.787724227901,7403.01,4415.0,68.0,2988.0,False
Nigeria,India,Air Charter,ARV,3376.0,70000,7611.3286521920445,29674.91,26688.0,11.0,2987.0,False
Mozambique,India,Truck,ARV,273.0,5320,6437.843005419046,5496.08,2525.0,118.0,2971.0,False
Côte d'Ivoire,United States,Air,HRDT,534.0,476,9517.477619108151,9471.52,6510.0,45.0,2962.0,False
Vietnam,India,Air,ARV,7500.0,46749,3190.290936791937,19116.64,16163.0,18.0,2954.0,False
Uganda,India,Truck,ARV,1499.0,26432,5494.787724227901,10915.97,8002.0,36.0,2914.0,False
Vietnam,Germany,Air,ARV,264.0,1049,9328.427705200047,5487.53,2598.0,111.0,2890.0,False
South Africa,India,Ocean,ARV,4364.0,65000,8255.030415213043,10758.45,7869.0,37.0,2889.0,False
Nigeria,India,Air Charter,ARV,51.0,309,7611.3286521920445,9736.1,6977.0,40.0,2759.0,False
Vietnam,India,Air,ARV,124.0,500,3190.290936791937,5217.59,2463.0,112.0,2755.0,False
Tanzania,India,Air,ARV,4007.0,63200,5670.6009127527595,23397.41,20665.0,13.0,2732.0,False
South Africa,India,Ocean,ARV,52.0,1033,8255.030415213043,4295.61,1576.0,173.0,2720.0,False
Vietnam,France,Air,ARV,555.0,2800,10073.064552515123,3292.15,588.0,460.0,2704.0,False
Tanzania,India,Air,ARV,4190.0,33022,5670.6009127527595,16066.92,13385.0,20.0,2682.0,False
Zimbabwe,India,Ocean,ARV,11430.0,204713,6987.027224085871,22059.25,19391.0,14.0,2668.0,False
Kenya,Japan,Air,HRDT,1489.0,1500,10935.686596380143,14532.09,11872.0,22.0,2660.0,False
Mozambique,India,Truck,ARV,12307.0,139000,6437.843005419046,8191.96,5559.0,47.0,2633.0,False
Vietnam,Germany,Air,ARV,6.0,81,9328.427705200047,3549.7,921.0,285.0,2629.0,False
Uganda,India,Air,ARV,214.0,3690,5494.787724227901,5166.39,2546.0,103.0,2620.0,False
Kenya,Japan,Air,HRDT,1065.0,3750,10935.686596380143,10075.76,7457.0,35.0,2619.0,False
Tanzania,India,Truck,ARV,562.0,9940,5670.6009127527595,6614.27,3999.0,65.0,2615.0,False
South Africa,India,Air,ARV,2892.0,34044,8255.030415213043,6105.79,3511.0,74.0,2595.0,False
Namibia,Unknown,Air,HRDT,278.0,650,6987.027224085871,7936.81,5357.0,48.0,2580.0,False
South Sudan,Unknown,Air,HRDT,244.0,470,6987.027224085871,7428.38,4876.0,52.0,2552.0,False
Nigeria,India,Air Charter,ARV,6078.0,50000,7611.3286521920445,27441.22,24926.0,10.0,2515.0,False
Côte d'Ivoire,India,Air,ARV,6587.0,2200,9145.215414724224,8953.2,6442.0,39.0,2511.0,False
Haiti,Unknown,Air,HRDT,6.0,8,6987.027224085871,3238.79,730.0,344.0,2509.0,False
Tanzania,South Korea,Air,HRDT,3110.0,10000,10680.79369128951,22663.18,20166.0,12.0,2497.0,False
Zimbabwe,India,Truck,ARV,8433.0,16873,6987.027224085871,15219.71,12724.0,20.0,2496.0,False
Zimbabwe,India,Truck,ARV,15222.0,57804,6987.027224085871,18513.23,16063.0,15.0,2450.0,False
Nigeria,Unknown,Air,HRDT,350.0,792,6987.027224085871,8363.61,5924.0,41.0,2440.0,False
Swaziland,Japan,Air,HRDT,172.0,377,13141.333432095906,4504.46,2134.0,111.0,2370.0,False
Zimbabwe,India,Truck,ARV,2705.0,33978,6987.027224085871,9751.8,7389.0,32.0,2363.0,False
Zimbabwe,India,Truck,ARV,570.0,6400,6987.027224085871,5348.0,2991.0,79.0,2357.0,False
South Africa,India,Air,ARV,1.0,2,8255.030415213043,4116.81,1788.0,130.0,2329.0,False
Zimbabwe,India,Truck,ARV,7490.0,78082,6987.027224085871,15299.59,12974.0,18.0,2326.0,False
Vietnam,India,Air,ARV,726.0,2400,3190.290936791937,7388.14,5108.0,45.0,2280.0,False
Zambia,India,Truck,ARV,974.0,3648,6727.714554318774,6923.53,4646.0,49.0,2278.0,False
Nigeria,Unknown,Air,HRDT,2307.0,5681,6987.027224085871,26294.95,24019.0,9.0,2276.0,False
Rwanda,Unknown,Air,HRDT,1080.0,3150,6987.027224085871,15987.05,13721.0,17.0,2266.0,False
Kenya,India,Air,HRDT,18.0,50,5016.166887449174,2644.79,386.0,585.0,2259.0,False
Mozambique,India,Air,ARV,7011.0,92933,6437.843005419046,7199.72,4943.0,46.0,2257.0,False
Uganda,India,Air,ARV,1600.0,4296,5494.787724227901,10314.28,8066.0,28.0,2248.0,False
Uganda,India,Air,ARV,315.0,3760,5494.787724227901,5254.17,3022.0,74.0,2232.0,False
Rwanda,India,Air,HRDT,600.0,2000,5901.606599964873,5714.31,3482.0,64.0,2232.0,False
Zambia,India,Truck,ARV,1956.0,16947,6727.714554318774,8709.0,6479.0,34.0,2230.0,False
Zimbabwe,India,Truck,ARV,2375.0,30457,6987.027224085871,6819.95,4600.0,48.0,2220.0,False
Nigeria,India,Air Charter,ARV,662.0,7500,7611.3286521920445,9736.1,7553.0,29.0,2183.0,False
Côte d'Ivoire,India,Air,ARV,93.0,769,9145.215414724224,4519.96,2343.0,93.0,2177.0,False
Côte d'Ivoire,India,Truck,ARV,216.0,4800,9145.215414724224,4017.7,1860.0,116.0,2158.0,False
Zambia,India,Truck,ARV,4959.0,47227,6727.714554318774,9973.51,7825.0,27.0,2149.0,False
Tanzania,Unknown,Air,HRDT,537.0,1130,6987.027224085871,10626.8,8480.0,25.0,2147.0,False
Nigeria,India,Air,ARV,273.0,4124,7611.3286521920445,7363.74,5221.0,41.0,2143.0,False
Tanzania,India,Truck,ARV,1293.0,19389,5670.6009127527595,4916.0,2789.0,76.0,2127.0,False
Zambia,Unknown,Unknown,HRDT,1109.0,3500,6987.027224085871,9437.24,7317.0,29.0,2120.0,False
Mozambique,Japan,Air,HRDT,994.0,2591,12336.116068786176,12838.85,10740.0,20.0,2099.0,False
Côte d'Ivoire,India,Truck,ARV,740.0,2528,9145.215414724224,4754.52,2684.0,77.0,2071.0,False
Uganda,India,Air,ARV,580.0,7800,5494.787724227901,6637.05,4577.0,45.0,2060.0,False
Nigeria,Unknown,Air,HRDT,2498.0,6170,6987.027224085871,30648.28,28605.0,7.0,2043.0,False
Nigeria,United States,Air,HRDT,483.0,1425,10649.157965231565,5468.88,3439.0,59.0,2030.0,False
South Africa,India,Ocean,ARV,2806.0,35357,8255.030415213043,7292.27,5263.0,39.0,2029.0,False
Zambia,India,Unknown,ARV,3483.0,44135,6727.714554318774,12643.63,10620.0,19.0,2024.0,False
Zambia,India,Truck,ARV,2493.0,42768,6727.714554318774,4887.18,2872.0,70.0,2015.0,False
Zambia,India,Truck,ARV,3422.0,50000,6727.714554318774,5936.99,3925.0,51.0,2012.0,False
Côte d'Ivoire,Japan,Air,HRDT,679.0,3000,13856.15658169929,11163.49,9153.0,22.0,2010.0,False
Mozambique,India,Truck,ARV,346.0,4666,6437.843005419046,3580.36,1572.0,128.0,2008.0,False
South Sudan,Unknown,Air,HRDT,201.0,173,6987.027224085871,5124.22,3131.0,64.0,1993.0,False
Zambia,India,Truck,ARV,15358.0,56430,6727.714554318774,16606.55,14621.0,14.0,1986.0,False
Vietnam,India,Air,ARV,1479.0,15945,3190.290936791937,5180.86,3198.0,62.0,1983.0,False
Zambia,India,Air,ARV,3785.0,10624,6727.714554318774,13116.0,11140.0,18.0,1976.0,False
Zimbabwe,India,Air,ARV,3076.0,32670,6987.027224085871,25730.13,23795.0,8.0,1935.0,False
Tanzania,Unknown,Air,HRDT,405.0,840,6987.027224085871,7765.61,5831.0,33.0,1935.0,False
Uganda,India,Air,ARV,861.0,5000,5494.787724227901,7383.9,5450.0,35.0,1934.0,False
Zambia,Japan,Air,HRDT,1363.0,2814,12686.238538124351,22746.62,20828.0,9.0,1919.0,False
Côte d'Ivoire,Unknown,Air,ARV,336.0,340,6987.027224085871,5755.58,3878.0,48.0,1878.0,False
Haiti,India,Ocean,ARV,4726.0,34080,14614.836973515425,7208.11,5331.0,35.0,1877.0,False
Mozambique,United States,Air,ARV,3946.0,564,14869.766112185298,8892.48,7017.0,27.0,1875.0,False
Zambia,India,Unknown,ARV,3454.0,44135,6727.714554318774,12492.0,10620.0,18.0,1872.0,False
Vietnam,India,Air,ARV,30.0,292,3190.290936791937,4525.05,2688.0,68.0,1837.0,False
Nigeria,India,Air Charter,ARV,1012.0,21200,7611.3286521920445,12601.07,10773.0,17.0,1828.0,False
Nigeria,India,Unknown,ARV,1656.0,1319,7611.3286521920445,8331.36,6504.0,28.0,1827.0,False
Nigeria,India,Air Charter,ARV,654.0,5800,7611.3286521920445,7445.8,5634.0,32.0,1812.0,False
South Africa,India,Ocean,ARV,3347.0,75000,8255.030415213043,7414.66,5642.0,31.0,1773.0,False
Tanzania,Germany,Air,ARV,668.0,5273,6810.907084412382,4835.39,3077.0,57.0,1758.0,False
Kenya,Unknown,Air,HRDT,1427.0,8298,6987.027224085871,16090.59,14337.0,12.0,1754.0,False
Mozambique,India,Truck,ARV,3140.0,38000,6437.843005419046,7733.77,5993.0,29.0,1741.0,False
Côte d'Ivoire,India,Truck,ARV,736.0,2000,9145.215414724224,4747.87,3012.0,58.0,1736.0,False
Vietnam,India,Air,ARV,1000.0,10420,3190.290936791937,7526.06,5805.0,30.0,1721.0,False
Haiti,India,Air,ARV,176.0,4095,14614.836973515425,3456.02,1745.0,98.0,1711.0,False
South Africa,India,Ocean,ARV,4154.0,48866,8255.030415213043,9951.37,8246.0,21.0,1705.0,False
Côte d'Ivoire,India,Truck,ARV,475.0,1784,9145.215414724224,3332.73,1638.0,103.0,1695.0,False
Haiti,India,Ocean,ARV,3823.0,39554,14614.836973515425,11051.22,9356.0,18.0,1695.0,False
Zambia,India,Unknown,ARV,1420.0,14052,6727.714554318774,5780.2,4086.0,41.0,1694.0,False
Rwanda,Unknown,Air,HRDT,88.0,250,6987.027224085871,3997.31,2308.0,73.0,1689.0,False
Nigeria,India,Air Charter,ARV,6944.0,6026,7611.3286521920445,17090.0,15416.0,11.0,1674.0,False
Tanzania,Unknown,Air,HRDT,362.0,762,6987.027224085871,7060.97,5405.0,31.0,1656.0,False
Nigeria,Unknown,Air,HRDT,3759.0,9258,6987.027224085871,57561.38,55908.0,3.0,1653.0,False
Zambia,Japan,Air,HRDT,989.0,2041,12686.238538124351,16654.29,15010.0,11.0,1644.0,False
Zimbabwe,India,Truck,ARV,5598.0,55800,6987.027224085871,11154.87,9549.0,17.0,1606.0,False
Côte d'Ivoire,India,Truck,ARV,360.0,1512,9145.215414724224,3274.41,1693.0,93.0,1581.0,False
Mozambique,India,Truck,ARV,195.0,4050,6437.843005419046,3495.81,1923.0,82.0,1573.0,False
Vietnam,Unknown,Air,ARV,114.0,40,6987.027224085871,4410.73,2871.0,54.0,1540.0,False
Guyana,Unknown,Air,HRDT,885.0,2551,6987.027224085871,11057.25,9520.0,16.0,1537.0,False
Haiti,India,Air,ARV,3318.0,34080,14614.836973515425,23890.83,22356.0,7.0,1535.0,False
Guyana,Unknown,Air,HRDT,362.0,1062,6987.027224085871,4717.51,3196.0,48.0,1522.0,False
Côte d'Ivoire,Unknown,Air,HRDT,988.0,2070,6987.027224085871,19368.23,17859.0,8.0,1509.0,False
Uganda,India,Truck,ARV,637.0,4879,5494.787724227901,5081.05,3581.0,42.0,1500.0,False
Nigeria,India,Air Charter,ARV,2500.0,22826,7611.3286521920445,9736.1,8256.0,18.0,1480.0,False
Zambia,India,Truck,ARV,6206.0,100000,6727.714554318774,13411.32,11935.0,12.0,1476.0,False
Côte d'Ivoire,India,Truck,ARV,172.0,2256,9145.215414724224,3296.34,1832.0,80.0,1464.0,False
South Africa,India,Air,ARV,2512.0,52379,8255.030415213043,4116.82,2654.0,55.0,1463.0,False
Uganda,India,Air,ARV,132.0,2500,5494.787724227901,3661.42,2218.0,65.0,1443.0,False
Côte d'Ivoire,India,Air,ARV,12.0,207,9145.215414724224,2503.34,1075.0,133.0,1428.0,False
Vietnam,India,Air,ARV,30.0,150,3190.290936791937,4111.71,2692.0,53.0,1420.0,False
Nigeria,India,Air Charter,ARV,209.0,2000,7611.3286521920445,12601.07,11183.0,13.0,1418.0,False
Nigeria,India,Air Charter,ARV,1098.0,20000,7611.3286521920445,9736.1,8320.0,17.0,1416.0,False
Haiti,Unknown,Air,HRDT,3.0,4,6987.027224085871,1808.19,434.0,317.0,1374.0,False
Uganda,India,Air,ARV,204.0,2742,5494.787724227901,3477.0,2104.0,65.0,1373.0,False
Nigeria,Unknown,Air,HRDT,1186.0,2744,6987.027224085871,25193.28,23832.0,6.0,1361.0,False
Uganda,India,Air,ARV,456.0,5000,5494.787724227901,5186.68,3836.0,35.0,1351.0,False
Guyana,India,Air,ARV,282.0,1135,14618.447490015405,5380.36,4029.0,34.0,1351.0,False
Ethiopia,India,Air,ARV,1070.0,11000,4313.139241046661,6153.8,4805.0,28.0,1349.0,False
South Sudan,Unknown,Air,HRDT,181.0,337,6987.027224085871,4978.09,3636.0,37.0,1342.0,False
Zimbabwe,India,Truck,ARV,2266.0,20160,6987.027224085871,9405.81,8073.0,17.0,1333.0,False
Uganda,India,Air,ARV,168.0,2000,5494.787724227901,2990.92,1662.0,80.0,1329.0,False
Zimbabwe,Japan,Air,HRDT,414.0,1396,12924.771965215963,5781.14,4470.0,29.0,1311.0,False
Tanzania,India,Truck,ARV,2746.0,34733,5670.6009127527595,5989.25,4693.0,28.0,1296.0,False
South Sudan,India,Air,ARV,592.0,1447,5435.830157164028,6169.0,4884.0,26.0,1285.0,False
Ethiopia,India,Air,ARV,658.0,4500,4313.139241046661,4311.22,3035.0,42.0,1276.0,False
Tanzania,India,Truck,ARV,1336.0,21596,5670.6009127527595,5033.8,3764.0,34.0,1270.0,False
Zambia,United States,Unknown,ARV,1005.0,12000,13844.445194806065,4407.26,3137.0,40.0,1270.0,False
Nigeria,India,Air Charter,ARV,4943.0,36278,7611.3286521920445,14547.55,13326.0,9.0,1222.0,False
Vietnam,India,Air,ARV,185.0,2016,3190.290936791937,5551.97,4331.0,28.0,1221.0,False
Zimbabwe,India,Truck,ARV,143.0,537,6987.027224085871,2099.0,883.0,138.0,1216.0,False
South Africa,India,Air,ARV,3005.0,31875,8255.030415213043,4263.07,3049.0,40.0,1214.0,False
Côte d'Ivoire,India,Truck,ARV,1041.0,20000,9145.215414724224,5156.93,3954.0,30.0,1203.0,False
Kenya,South Korea,Air,HRDT,1558.0,5000,9996.53651787289,11653.64,10452.0,11.0,1202.0,False
Zimbabwe,India,Truck,ARV,96.0,1600,6987.027224085871,2145.17,949.0,126.0,1196.0,False
Zimbabwe,India,Air,ARV,3155.0,32760,6987.027224085871,25316.94,24126.0,5.0,1191.0,False
Uganda,India,Air,ARV,4668.0,54383,5494.787724227901,20869.6,19681.0,6.0,1189.0,False
Uganda,India,Truck,ARV,479.0,8333,5494.787724227901,4358.72,3176.0,37.0,1183.0,False
Zambia,India,Truck,ARV,867.0,4200,6727.714554318774,2938.92,1757.0,67.0,1182.0,False
Nigeria,India,Air Charter,ARV,143.0,1268,7611.3286521920445,7445.8,6266.0,19.0,1180.0,False
Haiti,India,Ocean,ARV,94.0,889,14614.836973515425,2350.55,1184.0,99.0,1167.0,False
Haiti,Thailand,Air,HRDT,240.0,100,16071.721494754112,5362.39,4196.0,28.0,1166.0,False
Botswana,Unknown,Air,HRDT,154.0,450,6987.027224085871,2496.62,1333.0,87.0,1164.0,False
Haiti,India,Air,ARV,456.0,5323,14614.836973515425,5338.55,4181.0,28.0,1158.0,False
Côte d'Ivoire,India,Truck,ARV,1766.0,29804,9145.215414724224,7481.81,6330.0,18.0,1152.0,False
Haiti,Japan,Air,HRDT,171.0,750,13090.299625769694,3518.38,2371.0,48.0,1147.0,False
Zambia,India,Air,ARV,3254.0,40245,6727.714554318774,13267.3,12120.0,9.0,1147.0,False
Nigeria,India,Air Charter,ARV,17470.0,120000,7611.3286521920445,20666.07,19538.0,6.0,1128.0,False
Zimbabwe,India,Truck,ARV,116.0,435,6987.027224085871,3100.0,1973.0,57.0,1127.0,False
Uganda,India,Air,ARV,125.0,1300,5494.787724227901,2697.65,1572.0,72.0,1126.0,False
Mali,Unknown,Air,HRDT,66.0,150,6987.027224085871,2572.91,1448.0,78.0,1125.0,False
Nigeria,India,Air Charter,ARV,549.0,10000,7611.3286521920445,9736.1,8612.0,13.0,1124.0,False
South Africa,India,Ocean,ARV,4603.0,50000,8255.030415213043,8033.13,6916.0,16.0,1117.0,False
Côte d'Ivoire,India,Truck,ARV,1122.0,2160,9145.215414724224,6009.47,4900.0,23.0,1109.0,False
Nigeria,Unknown,Air,HRDT,1186.0,2744,6987.027224085871,24927.19,23832.0,5.0,1095.0,False
Nigeria,India,Air Charter,ARV,338.0,3001,7611.3286521920445,9341.49,8248.0,13.0,1093.0,False
Nigeria,Unknown,Air,HRDT,2373.0,7000,6987.027224085871,29878.21,28786.0,4.0,1092.0,False
Vietnam,Germany,Air,ARV,208.0,800,9328.427705200047,3449.4,2367.0,46.0,1082.0,False
Zimbabwe,India,Truck,ARV,2036.0,36192,6987.027224085871,5530.12,4453.0,24.0,1077.0,False
Haiti,Unknown,Air,ARV,164.0,100,6987.027224085871,2419.33,1361.0,78.0,1058.0,False
Côte d'Ivoire,India,Truck,ARV,904.0,16500,9145.215414724224,5012.88,3965.0,26.0,1048.0,False
Tanzania,Unknown,Air,ARV,2666.0,5178,6987.027224085871,16751.58,15704.0,7.0,1048.0,False
Burundi,India,Air,ARV,336.0,4032,5972.5767024230945,4385.44,3342.0,31.0,1043.0,False
Ethiopia,India,Air,ARV,88.0,1440,4313.139241046661,1842.95,806.0,129.0,1037.0,False
Ethiopia,Unknown,Unknown,HRDT,213.0,200,6987.027224085871,2129.46,1114.0,91.0,1015.0,False
Zimbabwe,India,Truck,ARV,1875.0,26267,6987.027224085871,6933.75,5936.0,17.0,998.0,False
Côte d'Ivoire,Japan,Unknown,HRDT,440.0,1505,13856.15658169929,1759.4,783.0,125.0,976.0,False
Mozambique,India,Air,ARV,210.0,3000,6437.843005419046,1894.2,924.0,105.0,970.0,False
Nigeria,United States,Air,HRDT,402.0,375,10649.157965231565,4445.75,3484.0,28.0,962.0,False
Mozambique,France,Air,ARV,256.0,180,7955.222382339805,2765.64,1811.0,53.0,955.0,False
Uganda,India,Air,ARV,322.0,4340,5494.787724227901,3017.15,2079.0,45.0,938.0,False
Vietnam,India,Air,ARV,2804.0,34640,3190.290936791937,9759.55,8834.0,10.0,926.0,False
Vietnam,India,Air,ARV,420.0,8738,3190.290936791937,6683.69,5759.0,16.0,925.0,False
Haiti,India,Ocean,ARV,2001.0,18273,14614.836973515425,7842.4,6918.0,13.0,924.0,False
Côte d'Ivoire,India,Air,ARV,4026.0,40000,9145.215414724224,13325.0,12401.0,7.0,924.0,False
Tanzania,Germany,Air,ARV,328.0,2736,6810.907084412382,3940.54,3022.0,30.0,919.0,False
Guyana,India,Air,ARV,86.0,330,14618.447490015405,3307.86,2396.0,38.0,912.0,False
Sudan,Unknown,Air,HRDT,36.0,77,6987.027224085871,1712.6,823.0,108.0,890.0,False
Haiti,India,Air,ARV,1023.0,8000,14614.836973515425,6433.8,5545.0,16.0,889.0,False
South Sudan,Unknown,Air,HRDT,176.0,35,6987.027224085871,4124.74,3243.0,27.0,882.0,False
Vietnam,India,Air,ARV,1114.0,18030,3190.290936791937,5822.44,4940.0,18.0,882.0,False
Nigeria,India,Air Charter,ARV,642.0,9980,7611.3286521920445,16532.5,15660.0,6.0,872.0,False
Uganda,India,Truck,ARV,195.0,1946,5494.787724227901,2070.68,1211.0,71.0,860.0,False
Dominican Republic,India,Air,ARV,2373.0,9242,14497.923927126492,16173.9,15318.0,6.0,856.0,False
Tanzania,India,Air,ARV,632.0,11500,5670.6009127527595,4168.19,3336.0,25.0,832.0,False
Côte d'Ivoire,India,Air,ARV,655.0,4000,9145.215414724224,5300.24,4470.0,19.0,830.0,False
Guyana,Japan,Air,HRDT,100.0,442,15110.925924355888,1928.93,1101.0,75.0,828.0,False
Nigeria,India,Air Charter,ARV,21510.0,70000,7611.3286521920445,20225.07,19398.0,4.0,827.0,False
Burundi,India,Air,ARV,75.0,280,5972.5767024230945,1855.34,1028.0,80.0,827.0,False
"Congo, DRC",India,Air,ARV,25.0,150,6809.558318054198,1765.03,953.0,85.0,812.0,False
Haiti,India,Air,ARV,538.0,1440,14614.836973515425,7100.67,6289.0,13.0,812.0,False
Vietnam,India,Air,ARV,22.0,200,3190.290936791937,3587.81,2782.0,29.0,806.0,False
Uganda,India,Unknown,ARV,192.0,1860,5494.787724227901,1617.52,828.0,95.0,790.0,False
Cameroon,India,Air,ARV,4093.0,32190,7290.254838126915,34441.93,33665.0,2.0,777.0,False
Côte d'Ivoire,India,Air,ARV,4689.0,371,9145.215414724224,8321.29,7545.0,10.0,776.0,False
Zimbabwe,India,Air Charter,ARV,2829.0,25811,6987.027224085871,24936.5,24166.0,3.0,770.0,False
Uganda,Unknown,Air,ARV,136.0,80,6987.027224085871,2077.87,1310.0,59.0,768.0,False
Burundi,China,Air,HRDT,21.0,23,8823.540365498444,1327.6,579.0,129.0,749.0,False
Rwanda,Unknown,Air,ARV,100.0,86,6987.027224085871,1952.77,1206.0,62.0,747.0,False
Haiti,Unknown,Air,HRDT,240.0,100,6987.027224085871,4355.7,3622.0,20.0,734.0,False
South Africa,India,Air,ARV,3085.0,57494,8255.030415213043,4885.2,4153.0,18.0,732.0,False
Tanzania,India,Unknown,ARV,345.0,3386,5670.6009127527595,2554.39,1822.0,40.0,732.0,False
Côte d'Ivoire,India,Air,ARV,1988.0,5581,9145.215414724224,6146.0,5426.0,13.0,720.0,False
Mozambique,India,Air,ARV,363.0,92,6437.843005419046,1816.73,1103.0,65.0,714.0,False
South Africa,India,Air,ARV,3113.0,26400,8255.030415213043,5159.33,4446.0,16.0,713.0,False
Nigeria,India,Air Charter,ARV,15.0,168,7611.3286521920445,11637.64,10931.0,6.0,707.0,False
South Africa,India,Air,ARV,136.0,2016,8255.030415213043,1881.24,1175.0,60.0,706.0,False
South Sudan,India,Air,ARV,613.0,378,5435.830157164028,6333.0,5630.0,12.0,703.0,False
Botswana,Unknown,Air,HRDT,3.0,5,6987.027224085871,1225.17,527.0,132.0,698.0,False
Haiti,Unknown,Air,ARV,22.0,98,6987.027224085871,1662.72,972.0,71.0,691.0,False
Côte d'Ivoire,United States,Air,HRDT,357.0,1230,9517.477619108151,5640.23,4971.0,13.0,669.0,False
"Congo, DRC",Unknown,Air,ARV,56.0,30,6987.027224085871,1573.41,905.0,74.0,668.0,False
South Africa,India,Air,ARV,4398.0,64771,8255.030415213043,5298.03,4636.0,14.0,662.0,False
Uganda,Netherlands,Air,ARV,92.0,774,6176.779734744449,1114.0,454.0,145.0,660.0,False
Côte d'Ivoire,India,Truck,ARV,248.0,2756,9145.215414724224,1933.72,1278.0,51.0,656.0,False
Uganda,India,Air,ARV,215.0,1893,5494.787724227901,2408.91,1753.0,37.0,656.0,False
Haiti,India,Air,ARV,203.0,740,14614.836973515425,2228.92,1575.0,42.0,654.0,False
Côte d'Ivoire,India,Air,ARV,434.0,7132,9145.215414724224,3526.27,2872.0,23.0,654.0,False
Uganda,India,Air,ARV,617.0,5218,5494.787724227901,5194.22,4551.0,14.0,643.0,False
Zambia,India,Air,ARV,4369.0,42813,6727.714554318774,22508.32,21866.0,3.0,642.0,False
Ghana,India,Air,ARV,915.0,3393,8660.640535331582,6006.37,5368.0,12.0,638.0,False
Tanzania,Germany,Air,ARV,230.0,1956,6810.907084412382,2215.81,1585.0,40.0,631.0,False
Côte d'Ivoire,India,Truck,ARV,10746.0,75000,9145.215414724224,22878.26,22261.0,3.0,617.0,False
Nigeria,India,Air,ARV,925.0,13380,7611.3286521920445,9185.15,8573.0,7.0,612.0,False
Nigeria,South Africa,Air,ARV,1741.0,20000,4663.5287805591215,10665.71,10056.0,6.0,610.0,False
South Africa,India,Ocean,ARV,5467.0,64316,8255.030415213043,9323.3,8713.0,7.0,610.0,False
Côte d'Ivoire,United States,Air,HRDT,783.0,733,9517.477619108151,7079.25,6472.0,9.0,607.0,False
Ethiopia,India,Air,ARV,276.0,5000,4313.139241046661,2211.22,1604.0,38.0,607.0,False
Ethiopia,India,Air,ARV,1650.0,29500,4313.139241046661,11339.5,10738.0,6.0,602.0,False
Haiti,India,Air,ARV,143.0,2303,14614.836973515425,2251.42,1652.0,36.0,599.0,False
Kenya,Japan,Air,HRDT,974.0,4555,10935.686596380143,9456.46,8858.0,7.0,598.0,False
Haiti,India,Air,ARV,647.0,5500,14614.836973515425,4877.34,4281.0,14.0,596.0,False
Tanzania,Germany,Air,ARV,209.0,1764,6810.907084412382,2177.56,1585.0,37.0,593.0,False
Zambia,India,Truck,ARV,8045.0,99366,6727.714554318774,13511.49,12918.0,5.0,593.0,False
Benin,Japan,Air,HRDT,327.0,1436,13172.981830188992,6687.51,6102.0,10.0,586.0,False
Côte d'Ivoire,India,Truck,ARV,4525.0,40230,9145.215414724224,11874.85,11290.0,5.0,585.0,False
Uganda,India,Air,ARV,338.0,5000,5494.787724227901,4159.73,3578.0,16.0,582.0,False
South Africa,India,Air,ARV,7349.0,19050,8255.030415213043,4876.34,4303.0,13.0,573.0,False
Guyana,India,Air,ARV,76.0,238,14618.447490015405,2180.0,1612.0,35.0,568.0,False
Uganda,Netherlands,Air,ARV,35.0,168,6176.779734744449,886.0,325.0,173.0,561.0,False
"Congo, DRC",India,Air,ARV,132.0,940,6809.558318054198,2516.57,1970.0,28.0,547.0,False
Côte d'Ivoire,Japan,Air,HRDT,182.0,800,13856.15658169929,3272.6,2729.0,20.0,544.0,False
Haiti,India,Air,ARV,199.0,420,14614.836973515425,3133.23,2594.0,21.0,539.0,False
Zambia,Unknown,Air,ARV,757.0,760,6987.027224085871,10365.14,9828.0,5.0,537.0,False
Ethiopia,India,Air,ARV,1640.0,29500,4313.139241046661,11273.0,10738.0,5.0,535.0,False
Mozambique,India,Truck,ARV,3772.0,28516,6437.843005419046,3567.08,3036.0,17.0,531.0,False
Botswana,Thailand,Air,HRDT,48.0,20,9326.3088946372,1716.47,1193.0,44.0,523.0,False
"Congo, DRC",Unknown,Air,ARV,52.0,20,6987.027224085871,1573.41,1050.0,50.0,523.0,False
Côte d'Ivoire,India,Truck,ARV,75.0,1700,9145.215414724224,1556.99,1041.0,50.0,516.0,False
Haiti,India,Air,ARV,497.0,1865,14614.836973515425,5819.7,5304.0,10.0,516.0,False
Guyana,Japan,Air,HRDT,55.0,240,15110.925924355888,1442.92,938.0,54.0,505.0,False
Tanzania,India,Air,ARV,4030.0,49000,5670.6009127527595,15707.3,15229.0,3.0,478.0,False
Tanzania,Unknown,Air,HRDT,73.0,168,6987.027224085871,1806.81,1341.0,35.0,466.0,False
Nigeria,Japan,Air,HRDT,64.0,285,12729.905815964998,1629.0,1165.0,40.0,464.0,False
South Africa,India,Air,ARV,4528.0,38400,8255.030415213043,6369.79,5908.0,8.0,462.0,False
Tanzania,Germany,Air,HRDT,98.0,302,6810.907084412382,1266.39,826.0,53.0,440.0,False
Vietnam,India,Air,ARV,3002.0,800,3190.290936791937,6808.99,6381.0,7.0,428.0,False
Côte d'Ivoire,India,Air,ARV,164.0,1681,9145.215414724224,2976.56,2562.0,16.0,415.0,False
Uganda,Germany,Air,ARV,85.0,587,5903.2537910985175,1253.45,841.0,49.0,412.0,False
"Congo, DRC",Unknown,Air,HRDT,170.0,469,6987.027224085871,3125.65,2720.0,15.0,406.0,False
Mozambique,Japan,Air,HRDT,97.0,212,12336.116068786176,1910.93,1512.0,26.0,399.0,False
Nigeria,Japan,Air,HRDT,148.0,650,12729.905815964998,2577.27,2181.0,18.0,396.0,False
Guyana,United States,Air,ARV,390.0,4900,5176.512885209641,2748.16,2352.0,17.0,396.0,False
Dominican Republic,India,Air,ARV,170.0,1902,14497.923927126492,1965.62,1573.0,25.0,393.0,False
Haiti,India,Air,ARV,908.0,2052,14614.836973515425,6438.91,6050.0,6.0,389.0,False
Vietnam,India,Air,ARV,2406.0,21384,3190.290936791937,4219.32,3831.0,10.0,388.0,False
Uganda,Netherlands,Air,ARV,21.0,223,6176.779734744449,761.0,376.0,102.0,385.0,False
South Africa,India,Air,ARV,3240.0,34560,8255.030415213043,4263.07,3878.0,10.0,385.0,False
Mozambique,India,Truck,ARV,5170.0,41076,6437.843005419046,8406.81,8030.0,5.0,377.0,False
Nigeria,South Africa,Air,ARV,7.0,76,4663.5287805591215,747.5,372.0,101.0,376.0,False
Ghana,Germany,Air,ARV,63.0,448,4920.151719987309,1317.82,959.0,37.0,359.0,False
Zambia,India,Truck,ARV,2599.0,41768,6727.714554318774,3427.33,3073.0,12.0,354.0,False
Ethiopia,India,Air,ARV,2533.0,48671,4313.139241046661,9187.8,8835.0,4.0,353.0,False
Vietnam,India,Air,ARV,2446.0,17584,3190.290936791937,4559.25,4210.0,8.0,349.0,False
South Africa,Canada,Air,ARV,1054.0,26000,15184.001183252583,7707.42,7358.0,5.0,349.0,False
Guyana,Germany,Air,ARV,598.0,2245,8159.48142116397,5178.47,4829.0,7.0,349.0,False
Zambia,Unknown,Air,HRDT,1623.0,4000,6987.027224085871,20644.03,20301.0,2.0,343.0,False
Haiti,India,Air,ARV,178.0,3115,14614.836973515425,2599.0,2260.0,15.0,339.0,False
Haiti,India,Air,ARV,16.0,270,14614.836973515425,1109.0,774.0,43.0,335.0,False
Rwanda,China,Air,HRDT,3996.0,5994,8730.866233573326,53062.21,52733.0,1.0,329.0,False
Sudan,Unknown,Air,HRDT,33.0,70,6987.027224085871,1255.77,928.0,35.0,328.0,False
Rwanda,United States,Air,ARV,16.0,208,13228.882148870163,957.88,636.0,51.0,322.0,False
Zambia,India,Air,ARV,1273.0,12425,6727.714554318774,6637.36,6316.0,5.0,321.0,False
Burundi,United States,Air,HRDT,34.0,305,13338.898961639641,836.8,518.0,62.0,319.0,False
Vietnam,Germany,Air,ARV,1736.0,319,9328.427705200047,5265.22,4947.0,6.0,318.0,False
"Congo, DRC",India,Air,ARV,5.0,73,6809.558318054198,491.43,173.0,184.0,318.0,False
Zimbabwe,India,Truck,ARV,3082.0,4800,6987.027224085871,9405.8,9092.0,3.0,314.0,False
Uganda,India,Air,ARV,12.0,59,5494.787724227901,1311.0,997.0,31.0,314.0,False
Tanzania,India,Truck,ARV,841.0,80,5670.6009127527595,3549.9,3237.0,10.0,313.0,False
Uganda,India,Unknown,ARV,167.0,1450,5494.787724227901,1472.77,1163.0,27.0,310.0,False
Botswana,Japan,Air,HRDT,5.0,10,13512.8036201441,767.63,464.0,65.0,304.0,False
Rwanda,India,Truck,ARV,192.0,2196,5901.606599964873,2232.42,1929.0,16.0,303.0,False
Rwanda,India,Air,ARV,1045.0,8000,5901.606599964873,6949.93,6648.0,5.0,302.0,False
Tanzania,Unknown,Air,HRDT,91.0,218,6987.027224085871,2082.39,1783.0,17.0,299.0,False
Sudan,Unknown,Air,HRDT,50.0,132,6987.027224085871,1595.38,1298.0,23.0,297.0,False
Tanzania,India,Truck,ARV,230.0,2469,5670.6009127527595,1163.2,870.0,34.0,293.0,False
Uganda,India,Air,ARV,13.0,1600,5494.787724227901,1758.6,1466.0,20.0,293.0,False
Vietnam,India,Air,ARV,1899.0,19392,3190.290936791937,5209.46,4918.0,6.0,291.0,False
Vietnam,India,Air,ARV,3919.0,40400,3190.290936791937,12704.0,12413.0,2.0,291.0,False
Zimbabwe,India,Truck,ARV,73.0,841,6987.027224085871,1500.0,1214.0,24.0,286.0,False
"Congo, DRC",India,Air,ARV,4.0,67,6809.558318054198,491.42,207.0,137.0,284.0,False
Guyana,India,Air,ARV,34.0,564,14618.447490015405,1920.0,1637.0,17.0,283.0,False
South Africa,India,Air,ARV,2649.0,38890,8255.030415213043,3908.55,3626.0,8.0,283.0,False
Namibia,India,Air,ARV,98.0,800,8148.92371291291,1770.43,1488.0,19.0,282.0,False
Namibia,Unknown,Air,HRDT,177.0,520,6987.027224085871,3496.34,3229.0,8.0,267.0,False
Haiti,Netherlands,Air,ARV,14.0,34,7513.64886521118,896.55,635.0,41.0,262.0,False
South Sudan,Unknown,Air,HRDT,351.0,695,6987.027224085871,6445.68,6194.0,4.0,252.0,False
Vietnam,Unknown,Air,ARV,51.0,12,6987.027224085871,4042.47,3791.0,7.0,251.0,False
Botswana,United States,Air,HRDT,7.0,10,14127.081450635005,526.05,277.0,90.0,249.0,False
Rwanda,India,Air,ARV,1.0,1004,5901.606599964873,3253.88,3007.0,8.0,247.0,False
Haiti,Unknown,Air,ARV,38.0,10,6987.027224085871,1347.0,1101.0,22.0,246.0,False
Guyana,India,Air,ARV,25.0,514,14618.447490015405,1052.04,807.0,30.0,245.0,False
Nigeria,India,Air Charter,ARV,5712.0,100000,7611.3286521920445,18495.9,18255.0,1.0,241.0,False
Mozambique,India,Air,ARV,4610.0,33792,6437.843005419046,16835.52,16597.0,1.0,239.0,False
Nigeria,Unknown,Air,HRDT,1235.0,2744,6987.027224085871,25577.2,25339.0,1.0,238.0,False
Haiti,India,Air,ARV,2571.0,3648,14614.836973515425,26830.44,26611.0,1.0,219.0,False
South Africa,India,Ocean,ARV,7878.0,92500,8255.030415213043,8134.37,7919.0,3.0,215.0,False
Haiti,India,Air,ARV,134.0,2118,14614.836973515425,1987.82,1778.0,12.0,210.0,False
Uganda,Unknown,Air,ARV,170.0,150,6987.027224085871,2265.89,2068.0,10.0,198.0,False
Côte d'Ivoire,India,Air,ARV,242.0,3859,9145.215414724224,3128.55,2933.0,7.0,196.0,False
Cameroon,Thailand,Air,HRDT,77.0,30,9639.388105824868,1800.48,1605.0,12.0,195.0,False
Vietnam,France,Air,ARV,82.0,400,10073.064552515123,2211.05,2020.0,9.0,191.0,False
Côte d'Ivoire,Germany,Air,ARV,56.0,350,5069.403726168755,1726.5,1539.0,12.0,188.0,False
Côte d'Ivoire,India,Air,ARV,662.0,13860,9145.215414724224,3848.91,3663.0,5.0,186.0,False
Mozambique,Unknown,Air,ARV,663.0,2579,6987.027224085871,1824.11,1640.0,11.0,184.0,False
South Africa,India,Air,ARV,3211.0,66660,8255.030415213043,4116.81,3936.0,5.0,181.0,False
South Africa,India,Ocean,ARV,8635.0,100591,8255.030415213043,11203.79,11023.0,2.0,181.0,False
South Africa,India,Air,ARV,3230.0,67120,8255.030415213043,4116.81,3936.0,5.0,181.0,False
Uganda,India,Air,ARV,1864.0,21563,5494.787724227901,8485.0,8305.0,2.0,180.0,False
Tanzania,India,Truck,ARV,1221.0,9312,5670.6009127527595,4847.8,4677.0,4.0,171.0,False
Nigeria,Switzerland,Air,ACT,86.0,25,4196.287564658264,1528.06,1362.0,12.0,166.0,False
Vietnam,Germany,Air,ARV,259.0,1080,9328.427705200047,2985.93,2821.0,6.0,165.0,False
Uganda,India,Truck,ARV,729.0,1500,5494.787724227901,3758.4,3593.0,5.0,165.0,False
Uganda,Netherlands,Air,ARV,19.0,75,6176.779734744449,435.0,270.0,61.0,165.0,False
Rwanda,Germany,Air,ARV,150.0,1305,6184.710496273963,2682.48,2518.0,7.0,164.0,False
Zambia,South Korea,Air,HRDT,134.0,400,11743.48696599269,963.73,805.0,20.0,159.0,False
Côte d'Ivoire,United Kingdom,Air,HRDT,15.0,44,5322.634797520903,633.73,477.0,33.0,157.0,False
"Congo, DRC",Germany,Air,ARV,13.0,60,6227.767541944498,707.19,550.0,29.0,157.0,False
Haiti,China,Air,HRDT,261.0,360,13906.694733658182,3135.97,2981.0,5.0,155.0,False
Uganda,France,Air,ARV,2.0,50,5781.146752249289,330.0,185.0,78.0,145.0,False
Mali,Unknown,Air,HRDT,24.0,65,6987.027224085871,1059.59,917.0,16.0,143.0,False
Haiti,France,Air,ARV,29.0,120,7318.944938016863,260.0,120.0,117.0,140.0,False
Botswana,Japan,Air,HRDT,3.0,8,13512.8036201441,690.02,553.0,25.0,137.0,False
Haiti,Unknown,Air,HRDT,100.0,121,6987.027224085871,1372.85,1237.0,11.0,136.0,False
South Africa,India,Air,ARV,5200.0,59681,8255.030415213043,5953.37,5823.0,2.0,130.0,False
"Congo, DRC",India,Air,ARV,2.0,24,6809.558318054198,522.42,393.0,33.0,129.0,False
Uganda,India,Truck,ARV,2818.0,45525,5494.787724227901,6976.78,6849.0,2.0,128.0,False
Haiti,China,Air,HRDT,197.0,260,13906.694733658182,2708.04,2582.0,5.0,126.0,False
Zambia,South Korea,Air,HRDT,100.0,319,11743.48696599269,1122.24,998.0,12.0,124.0,False
Rwanda,United States,Air,ARV,11.0,132,13228.882148870163,663.77,546.0,22.0,118.0,False
Mozambique,India,Truck,ARV,149.0,2600,6437.843005419046,1815.67,1699.0,7.0,117.0,False
Ethiopia,India,Air,ARV,235.0,4893,4313.139241046661,1326.89,1212.0,9.0,115.0,False
Haiti,India,Ocean,ARV,4278.0,30096,14614.836973515425,7567.99,7453.0,2.0,115.0,False
Uganda,India,Air,ARV,237.0,1776,5494.787724227901,1794.89,1684.0,7.0,111.0,False
Nigeria,India,Air Charter,ARV,1773.0,20579,7611.3286521920445,9736.1,9631.0,1.0,105.0,False
Guyana,India,Air,ARV,16.0,118,14618.447490015405,693.16,598.0,16.0,95.0,False
Rwanda,South Korea,Air,HRDT,604.0,1700,10844.682202358337,8823.41,8732.0,1.0,91.0,False
Botswana,Unknown,Air,HRDT,5.0,15,6987.027224085871,592.46,503.0,18.0,89.0,False
Guatemala,Unknown,Air,ARV,31.0,175,6987.027224085871,566.56,480.0,18.0,87.0,False
Côte d'Ivoire,Japan,Air,HRDT,794.0,3500,13856.15658169929,12619.38,12537.0,1.0,82.0,False
Guyana,India,Air,ARV,5.0,75,14618.447490015405,908.65,834.0,9.0,75.0,False
Tanzania,India,Air,ARV,45.0,426,5670.6009127527595,1013.19,943.0,7.0,70.0,False
Côte d'Ivoire,India,Air,ARV,5317.0,5527,9145.215414724224,11005.67,10938.0,1.0,68.0,False
Guyana,United States,Unknown,HRDT,13.0,45,5176.512885209641,798.58,736.0,9.0,63.0,False
Guyana,Unknown,Air,HRDT,337.0,1000,6987.027224085871,5240.47,5177.0,1.0,63.0,False
Côte d'Ivoire,India,Truck,ARV,105.0,2200,9145.215414724224,2151.95,2089.0,3.0,63.0,False
Zambia,India,Air,ARV,1044.0,20000,6727.714554318774,5145.69,5086.0,1.0,60.0,False
Guyana,Unknown,Air,HRDT,41.0,90,6987.027224085871,1182.5,1123.0,5.0,60.0,False
Nigeria,Unknown,Air,HRDT,2579.0,6360,6987.027224085871,28759.53,28710.0,0.0,50.0,False
Burundi,United States,Air,HRDT,37.0,345,13338.898961639641,946.77,897.0,6.0,50.0,False
Uganda,Germany,Air,ARV,36.0,120,5903.2537910985175,1025.69,977.0,5.0,49.0,False
Ethiopia,India,Unknown,ARV,162.0,3145,4313.139241046661,810.86,762.0,6.0,49.0,False
Côte d'Ivoire,United States,Air,HRDT,13.0,9,9517.477619108151,1148.0,1105.0,4.0,43.0,False
Haiti,India,Air,ARV,751.0,2064,14614.836973515425,5754.16,5712.0,1.0,42.0,False
"Congo, DRC",Unknown,Air,HRDT,96.0,400,6987.027224085871,1906.7,1871.0,2.0,36.0,False
Côte d'Ivoire,India,Air,ARV,480.0,7000,9145.215414724224,5325.3,5289.0,1.0,36.0,False
Nigeria,Unknown,Air,HRDT,1234.0,3038,6987.027224085871,21084.84,21052.0,0.0,33.0,False
Botswana,South Korea,Air,HRDT,14.0,40,12576.579955279069,706.18,678.0,4.0,28.0,False
Mozambique,Unknown,Air,HRDT,8.0,23,6987.027224085871,558.46,536.0,4.0,22.0,False
Haiti,Unknown,Air,ARV,22.0,98,6987.027224085871,817.99,800.0,2.0,18.0,False
Uganda,Netherlands,Air,ARV,7.0,63,6176.779734744449,360.0,348.0,3.0,12.0,False
Tanzania,France,Air,ARV,117.0,2597,6681.8557374448355,645.1,635.0,2.0,10.0,False
Mozambique,Japan,Air,HRDT,28.0,61,12336.116068786176,1001.47,992.0,1.0,9.0,False
Uganda,India,Air,ARV,9.0,252,5494.787724227901,1026.15,1018.0,1.0,8.0,False
Mozambique,India,Truck,ARV,43.0,538,6437.843005419046,888.93,883.0,1.0,6.0,False
Côte d'Ivoire,India,Unknown,ARV,969.0,9000,9145.215414724224,3155.0,3150.0,0.0,5.0,False
Uganda,India,Air,ARV,234.0,2700,5494.787724227901,2154.1,2156.0,-0.0,-2.0,False
Guyana,Japan,Air,HRDT,14.0,213,15110.925924355888,360.0,363.0,-1.0,-3.0,False
Côte d'Ivoire,South Korea,Air,HRDT,468.0,1400,13152.77873500515,5372.87,5378.0,-0.0,-5.0,False
Zambia,India,Unknown,ARV,178.0,500,6727.714554318774,1105.9,1111.0,-0.0,-5.0,False
Guyana,Unknown,Air,MRDT,34.0,98,6987.027224085871,180.0,186.0,-3.0,-6.0,False
Uganda,Germany,Air,ARV,47.0,160,5903.2537910985175,1238.94,1249.0,-1.0,-10.0,False
Haiti,Netherlands,Air,ARV,7.0,28,7513.64886521118,290.0,304.0,-5.0,-14.0,False
Zambia,India,Unknown,ARV,128.0,672,6727.714554318774,845.0,863.0,-2.0,-18.0,False
Uganda,India,Air,ARV,1172.0,5080,5494.787724227901,5595.44,5619.0,-0.0,-24.0,False
Zambia,India,Unknown,ARV,226.0,3690,6727.714554318774,1370.28,1395.0,-2.0,-25.0,False
Zimbabwe,India,Air,ARV,60.0,813,6987.027224085871,1344.94,1373.0,-2.0,-28.0,False
Haiti,Japan,Air,HRDT,60.0,345,13090.299625769694,1328.2,1357.0,-2.0,-29.0,False
Lesotho,Unknown,Air,HRDT,856.0,2104,6987.027224085871,11063.78,11093.0,-0.0,-29.0,False
Côte d'Ivoire,United States,Air,HRDT,68.0,250,9517.477619108151,1711.86,1741.0,-2.0,-29.0,False
Botswana,Thailand,Air,HRDT,48.0,20,9326.3088946372,1172.11,1209.0,-3.0,-37.0,False
Haiti,Germany,Air,ARV,9.0,10,7877.041683025807,807.28,850.0,-5.0,-43.0,False
Côte d'Ivoire,Germany,Air,ARV,88.0,403,5069.403726168755,1603.44,1647.0,-3.0,-44.0,False
Côte d'Ivoire,India,Air,ARV,19.0,214,9145.215414724224,1133.0,1177.0,-4.0,-44.0,False
Zambia,India,Unknown,ARV,239.0,5000,6727.714554318774,1684.15,1730.0,-3.0,-46.0,False
Uganda,United States,Air,ARV,464.0,42,13172.149063595969,3393.0,3445.0,-2.0,-52.0,False
Uganda,Italy,Air,ARV,22.0,108,4916.27728788835,265.0,320.0,-17.0,-55.0,False
Nigeria,United States,Unknown,HRDT,1699.0,5250,10649.157965231565,8526.94,8586.0,-1.0,-59.0,False
Guyana,United States,Air,HRDT,14.0,40,5176.512885209641,269.98,334.0,-19.0,-64.0,False
Guyana,India,Air,ARV,11.0,30,14618.447490015405,871.8,937.0,-7.0,-65.0,False
Côte d'Ivoire,South Korea,Air,HRDT,429.0,1206,13152.77873500515,4540.55,4609.0,-1.0,-68.0,False
Tanzania,India,Truck,ARV,333.0,5117,5670.6009127527595,1956.0,2030.0,-4.0,-74.0,False
Ethiopia,China,Air,HRDT,5057.0,7002,7051.232952319537,44360.44,44434.0,-0.0,-74.0,False
Côte d'Ivoire,India,Truck,ARV,5565.0,70300,9145.215414724224,23776.42,23854.0,-0.0,-78.0,False
Burundi,United States,Air,HRDT,47.0,428,13338.898961639641,732.47,814.0,-10.0,-82.0,False
Côte d'Ivoire,India,Air,ARV,49.0,940,9145.215414724224,1211.49,1294.0,-6.0,-83.0,False
Sudan,Unknown,Air,HRDT,2.0,1,6987.027224085871,980.7,1072.0,-9.0,-91.0,False
Haiti,India,Air,ARV,231.0,2594,14614.836973515425,2076.58,2171.0,-4.0,-94.0,False
Haiti,India,Air,ARV,4.0,48,14614.836973515425,970.79,1065.0,-9.0,-94.0,False
Ethiopia,United States,Air,ARV,49.0,1184,13143.570787120267,639.75,734.0,-13.0,-94.0,False
Zimbabwe,India,Truck,ARV,6.0,51,6987.027224085871,909.15,1007.0,-10.0,-98.0,False
Uganda,United States,Air,HRDT,8.0,15,13172.149063595969,855.41,960.0,-11.0,-105.0,False
Botswana,Germany,Unknown,HRDT,32.0,100,8290.180476704287,695.23,801.0,-13.0,-106.0,False
Mozambique,India,Air,ARV,5092.0,120,6437.843005419046,8118.64,8231.0,-1.0,-112.0,False
Uganda,India,Truck,ARV,70.0,1150,5494.787724227901,1494.6,1608.0,-7.0,-113.0,False
Nigeria,India,Air Charter,ARV,4161.0,50040,7611.3286521920445,11637.64,11752.0,-1.0,-114.0,False
Tanzania,India,Air,ARV,2102.0,23814,5670.6009127527595,5834.0,5948.0,-2.0,-114.0,False
Mali,United States,Air,HRDT,40.0,87,8988.464921265373,1333.4,1448.0,-8.0,-115.0,False
Swaziland,India,Air,ARV,239.0,2345,7324.285829851696,2393.34,2513.0,-5.0,-120.0,False
Ethiopia,United States,Air,HRDT,238.0,832,13143.570787120267,1945.45,2069.0,-6.0,-124.0,False
Haiti,Germany,Air,ARV,362.0,1470,7877.041683025807,2490.67,2620.0,-5.0,-129.0,False
Uganda,United States,Air,HRDT,19.0,30,13172.149063595969,846.03,980.0,-14.0,-134.0,False
Rwanda,India,Air,ARV,49.0,720,5901.606599964873,1110.19,1245.0,-11.0,-135.0,False
Zimbabwe,Unknown,Air,ARV,247.0,1014,6987.027224085871,3584.08,3722.0,-4.0,-138.0,False
South Sudan,Unknown,Air,HRDT,191.0,35,6987.027224085871,2796.58,2942.0,-5.0,-145.0,False
Vietnam,India,Air,ARV,2799.0,24349,3190.290936791937,11838.56,11984.0,-1.0,-145.0,False
Guyana,India,Air,ARV,1.0,10,14618.447490015405,618.89,765.0,-19.0,-146.0,False
Côte d'Ivoire,Thailand,Air,HRDT,15.0,6,11522.649093162265,1039.5,1190.0,-13.0,-150.0,False
Uganda,India,Air,ARV,44.0,200,5494.787724227901,1483.39,1637.0,-9.0,-154.0,False
Uganda,India,Air,ARV,64.0,1200,5494.787724227901,896.35,1051.0,-15.0,-155.0,False
Mozambique,Germany,Air,ARV,62.0,400,8141.142969491997,642.99,803.0,-20.0,-160.0,False
Burundi,United States,Air,HRDT,58.0,539,13338.898961639641,871.28,1032.0,-16.0,-161.0,False
Zambia,Germany,Unknown,ARV,614.0,2820,7345.893298537362,2880.35,3045.0,-5.0,-165.0,False
Uganda,India,Truck,ARV,720.0,6600,5494.787724227901,4647.66,4816.0,-3.0,-168.0,False
Côte d'Ivoire,United States,Air,HRDT,39.0,12,9517.477619108151,1278.0,1447.0,-12.0,-169.0,False
Côte d'Ivoire,India,Unknown,ARV,105.0,1926,9145.215414724224,977.55,1149.0,-15.0,-171.0,False
Uganda,Germany,Air,ARV,83.0,579,5903.2537910985175,800.0,973.0,-18.0,-173.0,False
Vietnam,India,Air,ARV,755.0,15960,3190.290936791937,6609.02,6783.0,-3.0,-174.0,False
Côte d'Ivoire,India,Truck,ARV,1122.0,2907,9145.215414724224,5520.83,5701.0,-3.0,-180.0,False
Tanzania,Unknown,Air,HRDT,277.0,672,6987.027224085871,4379.48,4560.0,-4.0,-181.0,False
Uganda,India,Truck,ARV,836.0,157,5494.787724227901,4911.0,5099.0,-4.0,-188.0,False
Ethiopia,United States,Air,HRDT,42.0,121,13143.570787120267,354.59,567.0,-37.0,-212.0,False
Uganda,India,Air,ARV,4.0,60,5494.787724227901,526.41,741.0,-29.0,-215.0,False
Sudan,Unknown,Air,HRDT,20.0,58,6987.027224085871,644.02,861.0,-25.0,-217.0,False
Zambia,India,Unknown,ARV,179.0,3334,6727.714554318774,1170.16,1388.0,-16.0,-218.0,False
Côte d'Ivoire,France,Air,ARV,78.0,386,4365.5008934408215,570.75,793.0,-28.0,-222.0,False
Vietnam,India,Air,ARV,2585.0,31579,3190.290936791937,11617.57,11845.0,-2.0,-227.0,False
South Africa,India,Ocean,ARV,3755.0,75000,8255.030415213043,4514.06,4747.0,-5.0,-233.0,False
South Africa,India,Air,ARV,1205.0,3184,8255.030415213043,3283.62,3518.0,-7.0,-234.0,False
Haiti,Germany,Air,ARV,46.0,360,7877.041683025807,984.39,1221.0,-19.0,-237.0,False
Ethiopia,United States,Air,HRDT,47.0,135,13143.570787120267,379.65,619.0,-39.0,-239.0,False
Côte d'Ivoire,India,Truck,ARV,2751.0,24765,9145.215414724224,11438.93,11682.0,-2.0,-243.0,False
"Congo, DRC",Unknown,Air,ARV,103.0,60,6987.027224085871,1573.41,1817.0,-13.0,-244.0,False
Haiti,India,Air,ARV,20.0,192,14614.836973515425,870.96,1116.0,-22.0,-245.0,False
Nigeria,India,Air,ARV,12.0,196,7611.3286521920445,900.0,1154.0,-22.0,-254.0,False
Sudan,Unknown,Air,HRDT,253.0,750,6987.027224085871,2849.79,3106.0,-8.0,-256.0,False
Nigeria,United States,Air,ACT,1746.0,2500,10649.157965231565,11216.78,11479.0,-2.0,-262.0,False
Uganda,India,Air,ARV,244.0,2445,5494.787724227901,2159.1,2421.0,-11.0,-262.0,False
Guyana,Unknown,Air,ARV,225.0,141,6987.027224085871,1831.83,2094.0,-13.0,-262.0,False
Vietnam,India,Air,ARV,2517.0,15840,3190.290936791937,3789.5,4056.0,-7.0,-266.0,False
Mozambique,India,Air,ARV,376.0,9310,6437.843005419046,2342.92,2610.0,-10.0,-267.0,False
Côte d'Ivoire,India,Truck,ARV,110.0,1764,9145.215414724224,707.7,975.0,-27.0,-267.0,False
Uganda,India,Air,ARV,667.0,6500,5494.787724227901,3609.2,3878.0,-7.0,-269.0,False
Tanzania,Unknown,Air,HRDT,125.0,383,6987.027224085871,1908.34,2178.0,-12.0,-270.0,False
Côte d'Ivoire,India,Truck,ARV,122.0,2600,9145.215414724224,1799.58,2071.0,-13.0,-271.0,False
Namibia,Japan,Air,HRDT,35.0,150,14101.089628210451,840.46,1112.0,-24.0,-272.0,False
Nigeria,India,Air Charter,ARV,5416.0,15,7611.3286521920445,29674.92,29947.0,-1.0,-272.0,False
Namibia,Japan,Air,HRDT,37.0,150,14101.089628210451,2541.8,2817.0,-10.0,-275.0,False
Zambia,India,Truck,ARV,2503.0,44432,6727.714554318774,3629.37,3904.0,-7.0,-275.0,False
Sudan,Unknown,Air,HRDT,18.0,53,6987.027224085871,569.11,845.0,-33.0,-276.0,False
South Africa,India,Air,ARV,1810.0,33711,8255.030415213043,2016.42,2300.0,-12.0,-284.0,False
Mozambique,Unknown,Air,ARV,85.0,168,6987.027224085871,1139.5,1431.0,-20.0,-292.0,False
Burundi,India,Air,ARV,95.0,88,5972.5767024230945,771.9,1065.0,-28.0,-293.0,False
Guyana,Japan,Air,HRDT,87.0,276,15110.925924355888,1205.7,1501.0,-20.0,-295.0,False
Uganda,India,Air,ARV,289.0,3895,5494.787724227901,2798.7,3095.0,-10.0,-296.0,False
Namibia,India,Air,ARV,352.0,2910,8148.92371291291,2429.39,2727.0,-11.0,-298.0,False
Uganda,Italy,Air,ARV,22.0,93,4916.27728788835,140.0,446.0,-69.0,-306.0,False
Guyana,Unknown,Air,ARV,50.0,17,6987.027224085871,828.23,1135.0,-27.0,-307.0,False
Haiti,Germany,Air,ARV,37.0,300,7877.041683025807,971.8,1280.0,-24.0,-308.0,False
Uganda,India,Truck,ARV,126.0,2011,5494.787724227901,1661.0,1971.0,-16.0,-310.0,False
Haiti,India,Air,ARV,19.0,240,14614.836973515425,971.7,1284.0,-24.0,-312.0,False
Nigeria,India,Air,ANTM,52.0,1200,7611.3286521920445,428.66,745.0,-42.0,-316.0,False
Cameroon,Germany,Air,ARV,1485.0,8800,4873.046722398523,10334.23,10651.0,-3.0,-317.0,False
Côte d'Ivoire,India,Air,ARV,141.0,1481,9145.215414724224,1400.0,1719.0,-19.0,-319.0,False
Zimbabwe,India,Truck,ARV,1013.0,18534,6987.027224085871,5216.63,5537.0,-6.0,-320.0,False
Uganda,South Africa,Air,ARV,169.0,841,3686.3068365710446,359.53,683.0,-47.0,-323.0,False
Nigeria,India,Air Charter,ARV,15735.0,117112,7611.3286521920445,37929.0,38259.0,-1.0,-330.0,False
Guyana,India,Air,ARV,83.0,230,14618.447490015405,1075.62,1411.0,-24.0,-335.0,False
Angola,Unknown,Air,ARV,492.0,480,6987.027224085871,4281.43,4622.0,-7.0,-341.0,False
Uganda,Italy,Air,ARV,74.0,217,4916.27728788835,294.86,641.0,-54.0,-346.0,False
Dominican Republic,Unknown,Air,HRDT,123.0,412,6987.027224085871,1375.8,1724.0,-20.0,-348.0,False
Ethiopia,United States,Air,HRDT,151.0,340,13143.570787120267,827.88,1178.0,-30.0,-350.0,False
Uganda,India,Truck,ARV,190.0,3262,5494.787724227901,1095.22,1448.0,-24.0,-353.0,False
Uganda,India,Air,ARV,805.0,8215,5494.787724227901,1003.18,1359.0,-26.0,-356.0,False
Zimbabwe,India,Air,ARV,102.0,2088,6987.027224085871,2021.95,2379.0,-15.0,-357.0,False
Nigeria,India,Air Charter,ARV,3203.0,26798,7611.3286521920445,25231.96,25597.0,-1.0,-365.0,False
Nigeria,India,Air Charter,ARV,11004.0,115089,7611.3286521920445,18495.9,18861.0,-2.0,-365.0,False
Nigeria,India,Air Charter,ARV,1871.0,11608,7611.3286521920445,11492.86,11863.0,-3.0,-370.0,False
Uganda,Italy,Air,ARV,5.0,27,4916.27728788835,41.0,411.0,-90.0,-370.0,False
Liberia,Unknown,Air,HRDT,7.0,20,6987.027224085871,498.72,871.0,-43.0,-372.0,False
Haiti,India,Air,ARV,37.0,180,14614.836973515425,1221.01,1593.0,-23.0,-372.0,False
Guyana,India,Air,ARV,4.0,62,14618.447490015405,660.44,1033.0,-36.0,-373.0,False
Nigeria,United States,Air,ARV,422.0,109,10649.157965231565,2812.3,3187.0,-12.0,-375.0,False
Mozambique,Germany,Air,ARV,22.0,120,8141.142969491997,828.76,1204.0,-31.0,-375.0,False
Vietnam,India,Air,ARV,146.0,1652,3190.290936791937,746.89,1131.0,-34.0,-384.0,False
Uganda,Netherlands,Air,ARV,23.0,231,6176.779734744449,250.0,637.0,-61.0,-387.0,False
Ethiopia,China,Air,HRDT,2535.0,3510,7051.232952319537,22433.91,22823.0,-2.0,-389.0,False
Haiti,India,Air,ARV,4792.0,56352,14614.836973515425,30046.84,30437.0,-1.0,-390.0,False
Nigeria,South Africa,Unknown,ARV,401.0,2703,4663.5287805591215,2208.0,2598.0,-15.0,-390.0,False
Haiti,Unknown,Air,HRDT,40.0,60,6987.027224085871,749.96,1141.0,-34.0,-391.0,False
Nigeria,India,Air Charter,ARV,12877.0,35000,7611.3286521920445,20666.07,21058.0,-2.0,-392.0,False
South Africa,India,Air,ARV,3071.0,44717,8255.030415213043,3646.13,4040.0,-10.0,-394.0,False
Uganda,India,Air,ARV,117.0,2131,5494.787724227901,2005.48,2400.0,-16.0,-395.0,False
Uganda,South Africa,Air,ARV,177.0,382,3686.3068365710446,2151.27,2548.0,-16.0,-397.0,False
Uganda,India,Air,ARV,68.0,1446,5494.787724227901,790.29,1190.0,-34.0,-400.0,False
Vietnam,Germany,Air,ARV,251.0,1040,9328.427705200047,2519.89,2923.0,-14.0,-403.0,False
Nigeria,India,Air Charter,ARV,7194.0,87744,7611.3286521920445,12601.07,13004.0,-3.0,-403.0,False
Mozambique,Unknown,Air,HRDT,41.0,215,6987.027224085871,1001.02,1408.0,-29.0,-407.0,False
Guyana,United States,Air,HRDT,1.0,5,5176.512885209641,283.21,690.0,-59.0,-407.0,False
Namibia,Japan,Air,HRDT,46.0,150,14101.089628210451,2946.64,3354.0,-12.0,-407.0,False
Haiti,India,Ocean,ARV,122.0,2293,14614.836973515425,2461.63,2871.0,-14.0,-409.0,False
Uganda,India,Air,ARV,283.0,1953,5494.787724227901,1673.0,2083.0,-20.0,-410.0,False
Zambia,India,Truck,ARV,3237.0,46973,6727.714554318774,4208.35,4618.0,-9.0,-410.0,False
Vietnam,India,Air,ARV,9.0,168,3190.290936791937,2793.62,3205.0,-13.0,-411.0,False
Mozambique,India,Air,ARV,113.0,2106,6437.843005419046,919.2,1346.0,-32.0,-427.0,False
Nigeria,India,Air Charter,ARV,264.0,4700,7611.3286521920445,15322.73,15750.0,-3.0,-427.0,False
Haiti,India,Air,ARV,187.0,2100,14614.836973515425,1903.54,2335.0,-18.0,-431.0,False
Côte d'Ivoire,India,Air,ARV,51.0,915,9145.215414724224,1702.92,2146.0,-21.0,-443.0,False
Côte d'Ivoire,India,Air,ARV,464.0,1200,9145.215414724224,2394.27,2839.0,-16.0,-445.0,False
Nigeria,Unknown,Air,HRDT,1241.0,3056,6987.027224085871,20602.3,21052.0,-2.0,-450.0,False
Zimbabwe,Unknown,Air,ARV,1374.0,1500,6987.027224085871,15593.13,16048.0,-3.0,-455.0,False
Côte d'Ivoire,India,Air,ARV,3731.0,35600,9145.215414724224,6778.91,7236.0,-6.0,-457.0,False
Uganda,India,Air,ARV,33.0,500,5494.787724227901,578.24,1046.0,-45.0,-468.0,False
Côte d'Ivoire,United States,Unknown,ARV,682.0,456,9517.477619108151,2527.0,2995.0,-16.0,-468.0,False
Zambia,Germany,Air,HRDT,428.0,1250,7345.893298537362,2829.61,3302.0,-14.0,-472.0,False
Tanzania,India,Truck,ARV,355.0,6400,5670.6009127527595,2682.2,3156.0,-15.0,-474.0,False
Tanzania,Unknown,Air,ARV,257.0,264,6987.027224085871,2160.36,2636.0,-18.0,-476.0,False
Zimbabwe,India,Truck,ARV,90.0,1560,6987.027224085871,1106.0,1584.0,-30.0,-478.0,False
Nigeria,India,Air,ARV,85.0,1152,7611.3286521920445,1266.05,1745.0,-27.0,-479.0,False
Nigeria,India,Air,ARV,5059.0,37927,7611.3286521920445,25732.17,26216.0,-2.0,-484.0,False
Nigeria,India,Air Charter,ARV,198.0,1756,7611.3286521920445,9341.49,9827.0,-5.0,-486.0,False
Nigeria,India,Air,ARV,236.0,1031,7611.3286521920445,1651.16,2145.0,-23.0,-494.0,False
Uganda,Germany,Air,ARV,82.0,724,5903.2537910985175,1042.36,1537.0,-32.0,-495.0,False
Ethiopia,Unknown,Air,HRDT,138.0,165,6987.027224085871,794.72,1293.0,-39.0,-498.0,False
Vietnam,India,Air,ARV,36.0,591,3190.290936791937,430.5,935.0,-54.0,-504.0,False
Mozambique,Japan,Air,HRDT,682.0,3000,12336.116068786176,5298.9,5807.0,-9.0,-508.0,False
Rwanda,India,Air,ARV,3450.0,38463,5901.606599964873,20896.5,21411.0,-2.0,-514.0,False
Vietnam,India,Air,ARV,909.0,8400,3190.290936791937,5964.52,6480.0,-8.0,-515.0,False
Vietnam,India,Air,ARV,2959.0,20856,3190.290936791937,4427.52,4958.0,-11.0,-530.0,False
Vietnam,India,Air,ARV,173.0,136,3190.290936791937,1079.39,1612.0,-33.0,-533.0,False
Zimbabwe,India,Truck,ARV,70.0,1200,6987.027224085871,1949.84,2496.0,-22.0,-546.0,False
Ethiopia,India,Air,ARV,403.0,5000,4313.139241046661,1719.65,2269.0,-24.0,-549.0,False
Uganda,India,Air,ARV,4.0,60,5494.787724227901,396.08,948.0,-58.0,-552.0,False
South Africa,India,Ocean,ARV,3099.0,55000,8255.030415213043,7321.43,7879.0,-7.0,-558.0,False
Haiti,Unknown,Air,HRDT,4.0,2,6987.027224085871,523.12,1082.0,-52.0,-559.0,False
Tanzania,India,Truck,ARV,1608.0,32544,5670.6009127527595,1700.32,2263.0,-25.0,-563.0,False
Mozambique,Unknown,Air,HRDT,54.0,151,6987.027224085871,1032.57,1596.0,-35.0,-563.0,False
Uganda,India,Air,ARV,260.0,4730,5494.787724227901,1898.84,2465.0,-23.0,-566.0,False
Côte d'Ivoire,India,Air,ARV,714.0,7400,9145.215414724224,2336.26,2914.0,-20.0,-578.0,False
Vietnam,Germany,Air,ARV,21.0,174,9328.427705200047,583.66,1173.0,-50.0,-589.0,False
Côte d'Ivoire,India,Air,ARV,56.0,1060,9145.215414724224,1211.48,1800.0,-33.0,-589.0,False
Uganda,India,Air,ARV,597.0,6200,5494.787724227901,2905.49,3495.0,-17.0,-590.0,False
Zambia,India,Air,ARV,356.0,6160,6727.714554318774,2543.67,3137.0,-19.0,-593.0,False
Zambia,Germany,Air,HRDT,171.0,500,7345.893298537362,1187.19,1788.0,-34.0,-601.0,False
Uganda,India,Air,ARV,151.0,1717,5494.787724227901,1157.58,1770.0,-35.0,-612.0,False
Ethiopia,China,Air,HRDT,718.0,990,7051.232952319537,6161.42,6778.0,-9.0,-617.0,False
Rwanda,India,Air,ARV,165.0,3150,5901.606599964873,2559.28,3194.0,-20.0,-635.0,False
Côte d'Ivoire,India,Air,ARV,2177.0,5800,9145.215414724224,5127.91,5771.0,-11.0,-643.0,False
Uganda,India,Air,ARV,1403.0,23000,5494.787724227901,9800.0,10449.0,-6.0,-649.0,False
Zimbabwe,India,Truck,ARV,1754.0,30060,6987.027224085871,3537.26,4194.0,-16.0,-657.0,False
Nigeria,South Africa,Air,ARV,1114.0,12696,4663.5287805591215,7641.1,8302.0,-8.0,-661.0,False
Nigeria,India,Air,ARV,15.0,253,7611.3286521920445,460.0,1122.0,-59.0,-662.0,False
Côte d'Ivoire,India,Air,ARV,2047.0,18180,9145.215414724224,6739.08,7409.0,-9.0,-670.0,False
Uganda,India,Air,ARV,22.0,200,5494.787724227901,709.02,1382.0,-49.0,-673.0,False
Nigeria,India,Air,ANTM,14.0,300,7611.3286521920445,350.02,1026.0,-66.0,-676.0,False
Zimbabwe,India,Air Charter,ARV,2846.0,28899,6987.027224085871,19557.01,20234.0,-3.0,-677.0,False
Mozambique,Unknown,Air,ARV,155.0,117,6987.027224085871,939.08,1619.0,-42.0,-680.0,False
Nigeria,Germany,Air,ARV,130.0,500,4682.320667594115,1599.22,2280.0,-30.0,-681.0,False
Côte d'Ivoire,South Korea,Air,HRDT,403.0,1209,13152.77873500515,5639.42,6321.0,-11.0,-682.0,False
Tanzania,India,Air,ARV,112.0,1065,5670.6009127527595,1122.07,1806.0,-38.0,-684.0,False
Nigeria,India,Air Charter,ARV,22700.0,75000,7611.3286521920445,20225.07,20916.0,-3.0,-691.0,False
Zambia,Germany,Air,HRDT,426.0,1250,7345.893298537362,2487.58,3179.0,-22.0,-691.0,False
Vietnam,India,Air,ARV,91.0,1966,3190.290936791937,1143.04,1835.0,-38.0,-692.0,False
Swaziland,Unknown,Air,HRDT,58.0,150,6987.027224085871,642.05,1336.0,-52.0,-694.0,False
Tanzania,Unknown,Air,ARV,547.0,157,6987.027224085871,2094.0,2793.0,-25.0,-699.0,False
Côte d'Ivoire,Netherlands,Air,ARV,464.0,5320,5056.22628533733,30.0,736.0,-96.0,-706.0,False
Zambia,India,Truck,ARV,7482.0,20000,6727.714554318774,6801.72,7517.0,-10.0,-715.0,False
Côte d'Ivoire,Netherlands,Air,ARV,254.0,1000,5056.22628533733,881.33,1598.0,-45.0,-717.0,False
Burundi,India,Air,ARV,111.0,960,5972.5767024230945,1047.34,1764.0,-41.0,-717.0,False
Haiti,Canada,Air,ARV,1979.0,6705,5008.870405512574,853.07,1574.0,-46.0,-721.0,False
Zimbabwe,Unknown,Air,ARV,1013.0,1021,6987.027224085871,13257.79,13984.0,-5.0,-726.0,False
Nigeria,India,Air,ARV,118.0,100,7611.3286521920445,1616.04,2346.0,-31.0,-730.0,False
Namibia,Japan,Air,HRDT,195.0,800,14101.089628210451,2008.54,2740.0,-27.0,-731.0,False
Nigeria,India,Air Charter,ARV,2809.0,22623,7611.3286521920445,13398.06,14130.0,-5.0,-732.0,False
Vietnam,India,Air,ARV,81.0,809,3190.290936791937,459.72,1195.0,-62.0,-735.0,False
Rwanda,India,Air,ARV,1643.0,18000,5901.606599964873,12995.06,13733.0,-5.0,-738.0,False
Dominican Republic,India,Air,ARV,1230.0,3200,14497.923927126492,8281.7,9038.0,-8.0,-756.0,False
Uganda,India,Air,ARV,196.0,2060,5494.787724227901,1381.7,2142.0,-35.0,-760.0,False
Côte d'Ivoire,South Korea,Air,HRDT,206.0,659,13152.77873500515,2358.13,3122.0,-24.0,-764.0,False
Nigeria,India,Air Charter,ARV,107.0,1227,7611.3286521920445,9736.1,10529.0,-8.0,-793.0,False
Côte d'Ivoire,India,Air,ARV,170.0,475,9145.215414724224,1301.0,2096.0,-38.0,-795.0,False
Uganda,India,Air,ARV,1273.0,10371,5494.787724227901,7493.5,8289.0,-10.0,-796.0,False
Ethiopia,Unknown,Air,HRDT,58.0,170,6987.027224085871,143.57,945.0,-85.0,-801.0,False
Vietnam,Germany,Air,ARV,1138.0,5188,9328.427705200047,3622.58,4429.0,-18.0,-806.0,False
Nigeria,India,Air Charter,ARV,3409.0,42751,7611.3286521920445,11637.64,12447.0,-7.0,-809.0,False
Nigeria,India,Air Charter,ARV,3175.0,32000,7611.3286521920445,13398.04,14213.0,-6.0,-815.0,False
Vietnam,Germany,Air,ARV,1720.0,7031,9328.427705200047,5324.08,6148.0,-13.0,-824.0,False
South Africa,India,Air,ARV,1823.0,33972,8255.030415213043,1791.42,2618.0,-32.0,-827.0,False
Côte d'Ivoire,India,Truck,ARV,2705.0,3952,9145.215414724224,9879.25,10712.0,-8.0,-833.0,False
Mozambique,India,Truck,ARV,2157.0,5625,6437.843005419046,2166.21,3003.0,-28.0,-837.0,False
Vietnam,India,Air,ARV,3425.0,32673,3190.290936791937,11077.85,11915.0,-7.0,-837.0,False
Haiti,Japan,Air,HRDT,227.0,1000,13090.299625769694,2486.62,3327.0,-25.0,-840.0,False
South Africa,India,Ocean,ARV,17436.0,48264,8255.030415213043,10446.36,11291.0,-7.0,-845.0,False
Nigeria,South Africa,Unknown,ARV,667.0,5151,4663.5287805591215,2921.0,3768.0,-22.0,-847.0,False
Nigeria,India,Unknown,ARV,840.0,1216,7611.3286521920445,3736.0,4583.0,-18.0,-847.0,False
Côte d'Ivoire,India,Air,ARV,434.0,5010,9145.215414724224,1854.88,2703.0,-31.0,-848.0,False
Zambia,India,Unknown,ARV,5.0,96,6727.714554318774,636.52,1488.0,-57.0,-851.0,False
Uganda,India,Air,ARV,2145.0,22500,5494.787724227901,8143.97,9005.0,-10.0,-861.0,False
Côte d'Ivoire,Germany,Unknown,ARV,650.0,3090,5069.403726168755,2457.0,3319.0,-26.0,-862.0,False
Nigeria,India,Air Charter,ARV,7733.0,7014,7611.3286521920445,20761.0,21631.0,-4.0,-870.0,False
Ghana,India,Air,ARV,3862.0,60000,8660.640535331582,25512.84,26385.0,-3.0,-872.0,False
Nigeria,Unknown,Air,HRDT,1248.0,3073,6987.027224085871,20602.3,21475.0,-4.0,-873.0,False
Nigeria,Unknown,Air,HRDT,1244.0,3064,6987.027224085871,20602.3,21475.0,-4.0,-873.0,False
Nigeria,United States,Air,HRDT,3263.0,10000,10649.157965231565,20885.78,21775.0,-4.0,-889.0,False
Côte d'Ivoire,India,Unknown,ARV,1057.0,22047,9145.215414724224,3348.0,4242.0,-21.0,-894.0,False
Côte d'Ivoire,India,Truck,ARV,157.0,1379,9145.215414724224,926.7,1831.0,-49.0,-904.0,False
Mozambique,India,Air,ARV,834.0,13168,6437.843005419046,3574.24,4484.0,-20.0,-910.0,False
Côte d'Ivoire,United States,Air,HRDT,79.0,289,9517.477619108151,1104.69,2015.0,-45.0,-910.0,False
Ghana,India,Air,ARV,3647.0,29107,8660.640535331582,18545.17,19456.0,-5.0,-911.0,False
Nigeria,South Africa,Air,ARV,5.0,50,4663.5287805591215,286.65,1200.0,-76.0,-913.0,False
Ethiopia,China,Air,HRDT,5056.0,6998,7051.232952319537,44360.44,45276.0,-2.0,-916.0,False
Ethiopia,China,Air,HRDT,5057.0,6998,7051.232952319537,44347.71,45276.0,-2.0,-928.0,False
Tanzania,Unknown,Air,ARV,261.0,268,6987.027224085871,2569.33,3502.0,-27.0,-933.0,False
Mozambique,India,Air,ARV,1054.0,7707,6437.843005419046,2123.04,3071.0,-31.0,-948.0,False
Tanzania,India,Air,ARV,634.0,6722,5670.6009127527595,1108.08,2061.0,-46.0,-953.0,False
Rwanda,India,Air,ARV,292.0,3316,5901.606599964873,2593.56,3548.0,-27.0,-954.0,False
Vietnam,India,Air,ARV,415.0,4848,3190.290936791937,1009.6,1967.0,-49.0,-957.0,False
Ethiopia,India,Air,ARV,3652.0,71596,4313.139241046661,15236.52,16200.0,-6.0,-963.0,False
Côte d'Ivoire,India,Air,ARV,259.0,3300,9145.215414724224,1008.9,1976.0,-49.0,-967.0,False
Vietnam,India,Air,ARV,58.0,150,3190.290936791937,755.03,1725.0,-56.0,-970.0,False
Uganda,Germany,Air,ARV,123.0,42,5903.2537910985175,845.37,1836.0,-54.0,-991.0,False
Haiti,India,Air,ARV,107.0,822,14614.836973515425,1779.74,2785.0,-36.0,-1005.0,False
Mozambique,United States,Air,ARV,45.0,409,14869.766112185298,348.09,1360.0,-74.0,-1012.0,False
Kenya,South Korea,Truck,HRDT,3.0,3,9996.53651787289,99.0,1111.0,-91.0,-1012.0,False
Guyana,Unknown,Air,HRDT,832.0,832,6987.027224085871,3740.04,4757.0,-21.0,-1017.0,False
Mozambique,India,Truck,ARV,36.0,420,6437.843005419046,843.36,1861.0,-55.0,-1018.0,False
Nigeria,South Africa,Air,ARV,300.0,3359,4663.5287805591215,2204.0,3232.0,-32.0,-1028.0,False
South Sudan,Unknown,Air,HRDT,132.0,444,6987.027224085871,1847.97,2886.0,-36.0,-1038.0,False
Zambia,Japan,Air,HRDT,1053.0,4500,12686.238538124351,11062.05,12100.0,-9.0,-1038.0,False
Kenya,Japan,Air,HRDT,1462.0,8500,10935.686596380143,14419.86,15459.0,-7.0,-1039.0,False
Côte d'Ivoire,United States,Air,HRDT,728.0,300,9517.477619108151,6879.32,7919.0,-13.0,-1040.0,False
Nigeria,Unknown,Air,HRDT,1249.0,3076,6987.027224085871,20705.23,21747.0,-5.0,-1042.0,False
South Africa,India,Air,ARV,1727.0,32070,8255.030415213043,1791.42,2867.0,-38.0,-1076.0,False
Nigeria,India,Air,ARV,199.0,760,7611.3286521920445,1917.53,2997.0,-36.0,-1079.0,False
Uganda,Unknown,Air,ARV,58.0,21,6987.027224085871,776.62,1877.0,-59.0,-1100.0,False
Tanzania,Unknown,Air,ARV,325.0,160,6987.027224085871,2278.11,3378.0,-33.0,-1100.0,False
Uganda,India,Air,ARV,1887.0,10125,5494.787724227901,12736.25,13838.0,-8.0,-1102.0,False
Ethiopia,South Africa,Air,ARV,317.0,4394,4796.17050066459,1628.18,2738.0,-41.0,-1110.0,False
"Congo, DRC",India,Air,ARV,139.0,140,6809.558318054198,973.2,2088.0,-53.0,-1115.0,False
Uganda,India,Air,ARV,1199.0,11994,5494.787724227901,7918.0,9035.0,-12.0,-1117.0,False
Tanzania,India,Truck,ARV,8.0,135,5670.6009127527595,1231.6,2351.0,-48.0,-1119.0,False
Guyana,Unknown,Air,HRDT,732.0,2220,6987.027224085871,6524.19,7646.0,-15.0,-1122.0,False
Nigeria,Unknown,Air,HRDT,1241.0,3054,6987.027224085871,15994.73,17121.0,-7.0,-1126.0,False
Haiti,India,Air,ARV,98.0,274,14614.836973515425,1763.84,2902.0,-39.0,-1138.0,False
Vietnam,Unknown,Air,ARV,81.0,300,6987.027224085871,541.75,1687.0,-68.0,-1145.0,False
Mozambique,India,Truck,ARV,1026.0,10868,6437.843005419046,1138.29,2286.0,-50.0,-1148.0,False
Nigeria,India,Air Charter,ARV,177.0,1280,7611.3286521920445,13398.06,14572.0,-8.0,-1174.0,False
Zambia,India,Truck,ARV,13680.0,84282,6727.714554318774,16339.98,17520.0,-7.0,-1180.0,False
Tanzania,India,Truck,ARV,1067.0,6915,5670.6009127527595,2217.5,3437.0,-35.0,-1220.0,False
Uganda,India,Air,ARV,237.0,2084,5494.787724227901,1154.5,2388.0,-52.0,-1234.0,False
Haiti,Germany,Air,ARV,406.0,1008,7877.041683025807,2562.6,3813.0,-33.0,-1250.0,False
Zimbabwe,India,Truck,ARV,1153.0,27847,6987.027224085871,1489.8,2745.0,-46.0,-1255.0,False
Zambia,India,Truck,ARV,2438.0,29440,6727.714554318774,5236.92,6494.0,-19.0,-1257.0,False
Nigeria,India,Air Charter,ARV,270.0,3000,7611.3286521920445,6147.18,7412.0,-17.0,-1265.0,False
Uganda,Unknown,Air,HRDT,242.0,750,6987.027224085871,1899.22,3166.0,-40.0,-1267.0,False
Nigeria,India,Air,ARV,3856.0,31560,7611.3286521920445,15459.09,16727.0,-8.0,-1268.0,False
Zambia,Germany,Air,ARV,2294.0,10000,7345.893298537362,1100.2,2374.0,-54.0,-1274.0,False
Côte d'Ivoire,India,Air,ARV,1674.0,14880,9145.215414724224,4754.53,6057.0,-22.0,-1302.0,False
"Congo, DRC",India,Air,ARV,147.0,1500,6809.558318054198,1182.25,2486.0,-52.0,-1304.0,False
Haiti,Germany,Air,ARV,276.0,1320,7877.041683025807,2080.2,3400.0,-39.0,-1320.0,False
Vietnam,Germany,Air,ARV,1232.0,128,9328.427705200047,2769.45,4089.0,-32.0,-1320.0,False
Vietnam,India,Air,ARV,71.0,1240,3190.290936791937,990.04,2321.0,-57.0,-1331.0,False
Haiti,India,Air,ARV,746.0,224,14614.836973515425,6036.96,7368.0,-18.0,-1331.0,False
Nigeria,India,Air,ARV,178.0,1500,7611.3286521920445,1621.0,2959.0,-45.0,-1338.0,False
Côte d'Ivoire,India,Air,ARV,882.0,2383,9145.215414724224,4516.67,5856.0,-23.0,-1339.0,False
Vietnam,India,Air,ARV,32.0,672,3190.290936791937,1701.1,3045.0,-44.0,-1344.0,False
Nigeria,Japan,Air,HRDT,550.0,3199,12729.905815964998,8213.59,9559.0,-14.0,-1345.0,False
Rwanda,India,Air,ARV,87.0,595,5901.606599964873,255.0,1602.0,-84.0,-1347.0,False
Côte d'Ivoire,Japan,Air,HRDT,268.0,1174,13856.15658169929,5243.53,6596.0,-21.0,-1352.0,False
Vietnam,India,Air,ARV,1485.0,10762,3190.290936791937,2702.63,4056.0,-33.0,-1353.0,False
Vietnam,India,Air,ARV,2933.0,30080,3190.290936791937,12067.26,13427.0,-10.0,-1360.0,False
Dominican Republic,India,Air,ARV,111.0,2000,14497.923927126492,1254.61,2626.0,-52.0,-1371.0,False
Nigeria,India,Air Charter,ARV,14710.0,129557,7611.3286521920445,12601.07,13980.0,-10.0,-1379.0,False
Ethiopia,India,Air,ARV,732.0,7511,4313.139241046661,2724.27,4120.0,-34.0,-1396.0,False
Mozambique,India,Truck,ARV,9290.0,125000,6437.843005419046,2400.26,3798.0,-37.0,-1398.0,False
South Africa,Canada,Ocean,ARV,6680.0,17337,15184.001183252583,3755.91,5158.0,-27.0,-1402.0,False
Côte d'Ivoire,India,Air,ARV,344.0,965,9145.215414724224,1729.0,3139.0,-45.0,-1410.0,False
Tanzania,India,Truck,ARV,1064.0,10347,5670.6009127527595,4203.0,5640.0,-25.0,-1437.0,False
Uganda,India,Truck,ARV,516.0,11553,5494.787724227901,2042.9,3482.0,-41.0,-1439.0,False
Uganda,India,Truck,ARV,507.0,5184,5494.787724227901,1576.8,3024.0,-48.0,-1447.0,False
Haiti,India,Ocean,ARV,3504.0,1832,14614.836973515425,7117.39,8573.0,-17.0,-1456.0,False
Côte d'Ivoire,India,Truck,ARV,292.0,6799,9145.215414724224,1672.7,3138.0,-47.0,-1465.0,False
Vietnam,India,Air,ARV,772.0,10080,3190.290936791937,5893.08,7364.0,-20.0,-1471.0,False
Côte d'Ivoire,India,Air,ARV,1088.0,3119,9145.215414724224,2951.94,4430.0,-33.0,-1478.0,False
South Sudan,Unknown,Air,HRDT,262.0,749,6987.027224085871,4669.02,6152.0,-24.0,-1483.0,False
Nigeria,India,Air Charter,ARV,6622.0,3446,7611.3286521920445,18495.9,19988.0,-7.0,-1492.0,False
Côte d'Ivoire,India,Truck,ARV,1683.0,5,9145.215414724224,6443.5,7936.0,-19.0,-1492.0,False
Nigeria,India,Air Charter,ARV,2300.0,34000,7611.3286521920445,5613.0,7109.0,-21.0,-1496.0,False
Uganda,India,Air,ARV,369.0,3364,5494.787724227901,1902.9,3408.0,-44.0,-1505.0,False
Vietnam,India,Air,ARV,695.0,4980,3190.290936791937,1377.02,2889.0,-52.0,-1512.0,False
Vietnam,India,Air,ARV,211.0,2352,3190.290936791937,892.5,2416.0,-63.0,-1524.0,False
Nigeria,India,Air,ARV,262.0,2780,7611.3286521920445,2426.8,3993.0,-39.0,-1566.0,False
Nigeria,India,Air Charter,ARV,2822.0,41142,7611.3286521920445,12601.12,14172.0,-11.0,-1571.0,False
Mozambique,India,Truck,ARV,5291.0,13100,6437.843005419046,4044.33,5617.0,-28.0,-1573.0,False
Vietnam,Unknown,Air,ARV,340.0,200,6987.027224085871,2326.1,3921.0,-41.0,-1595.0,False
Uganda,India,Air,ARV,2098.0,16347,5494.787724227901,10620.0,12217.0,-13.0,-1597.0,False
Mozambique,India,Truck,ARV,2068.0,23450,6437.843005419046,3936.86,5552.0,-29.0,-1615.0,False
Mozambique,Japan,Air,HRDT,1179.0,5200,12336.116068786176,14110.84,15742.0,-10.0,-1631.0,False
Rwanda,India,Truck,ARV,1755.0,14011,5901.606599964873,4328.9,5961.0,-27.0,-1632.0,False
Côte d'Ivoire,India,Air,ARV,550.0,9780,9145.215414724224,2794.67,4428.0,-37.0,-1633.0,False
Côte d'Ivoire,India,Truck,ARV,347.0,5840,9145.215414724224,3132.77,4777.0,-34.0,-1644.0,False
Zambia,India,Truck,ARV,750.0,3600,6727.714554318774,813.75,2459.0,-67.0,-1645.0,False
Kenya,Unknown,Air,HRDT,1476.0,1,6987.027224085871,91.66,1738.0,-95.0,-1646.0,False
Rwanda,India,Truck,ARV,28.0,288,5901.606599964873,896.26,2546.0,-65.0,-1650.0,False
Nigeria,India,Unknown,ARV,1178.0,1200,7611.3286521920445,4535.0,6209.0,-27.0,-1674.0,False
Zimbabwe,India,Air,ARV,63.0,1,6987.027224085871,598.08,2282.0,-74.0,-1684.0,False
Vietnam,India,Air,ARV,696.0,8000,3190.290936791937,1599.67,3289.0,-51.0,-1689.0,False
Haiti,Germany,Air,HRDT,343.0,1000,7877.041683025807,2802.42,4500.0,-38.0,-1698.0,False
Uganda,India,Truck,ARV,2253.0,18000,5494.787724227901,3785.72,5541.0,-32.0,-1755.0,False
Côte d'Ivoire,India,Air,ARV,706.0,8824,9145.215414724224,3144.57,4941.0,-36.0,-1796.0,False
Côte d'Ivoire,India,Air,ARV,338.0,7228,9145.215414724224,3845.67,5649.0,-32.0,-1803.0,False
Uganda,Germany,Air,ARV,2722.0,13164,5903.2537910985175,8604.7,10411.0,-17.0,-1806.0,False
Tanzania,India,Truck,ARV,9174.0,24977,5670.6009127527595,7185.6,8998.0,-20.0,-1812.0,False
Zimbabwe,Japan,Air,HRDT,161.0,550,12924.771965215963,939.12,2762.0,-66.0,-1823.0,False
South Africa,India,Ocean,ARV,16391.0,356876,8255.030415213043,20258.29,22110.0,-8.0,-1852.0,False
Mozambique,Japan,Air,HRDT,1017.0,4300,12336.116068786176,519.71,2382.0,-78.0,-1862.0,False
Vietnam,India,Air,ARV,675.0,7760,3190.290936791937,1587.92,3479.0,-54.0,-1891.0,False
Zambia,South Korea,Air,HRDT,94.0,300,11743.48696599269,1205.43,3118.0,-61.0,-1913.0,False
Nigeria,India,Air Charter,ARV,122.0,1328,7611.3286521920445,6147.18,8071.0,-24.0,-1924.0,False
Zambia,India,Truck,ARV,8276.0,44440,6727.714554318774,6120.06,8060.0,-24.0,-1940.0,False
Zambia,India,Air,ARV,822.0,8251,6727.714554318774,3303.52,5255.0,-37.0,-1951.0,False
Côte d'Ivoire,India,Air,ARV,409.0,4319,9145.215414724224,1083.3,3055.0,-65.0,-1972.0,False
Tanzania,South Korea,Air,HRDT,1456.0,5000,10680.79369128951,14505.37,16486.0,-12.0,-1981.0,False
Côte d'Ivoire,India,Air,ARV,1103.0,5184,9145.215414724224,3296.34,5298.0,-38.0,-2002.0,False
Côte d'Ivoire,India,Air,ARV,581.0,1547,9145.215414724224,1234.9,3244.0,-62.0,-2009.0,False
Tanzania,India,Truck,ARV,8474.0,137269,5670.6009127527595,3279.25,5299.0,-38.0,-2020.0,False
Zambia,India,Truck,ARV,1.0,21,6727.714554318774,792.62,2814.0,-72.0,-2021.0,False
Rwanda,India,Air,ARV,1805.0,13823,5901.606599964873,10743.33,12766.0,-16.0,-2023.0,False
Côte d'Ivoire,India,Air,ARV,7191.0,24561,9145.215414724224,12349.51,14376.0,-14.0,-2026.0,False
Nigeria,Japan,Air,HRDT,1277.0,2687,12729.905815964998,26014.88,28055.0,-7.0,-2040.0,False
Zimbabwe,South Korea,Air,HRDT,1052.0,3508,11987.228488091272,4641.85,6742.0,-31.0,-2100.0,False
Nigeria,India,Air,ARV,451.0,2066,7611.3286521920445,3487.94,5588.0,-38.0,-2100.0,False
Côte d'Ivoire,India,Air,ARV,486.0,9000,9145.215414724224,3028.66,5148.0,-41.0,-2119.0,False
Mozambique,India,Truck,ARV,1307.0,26700,6437.843005419046,1482.7,3612.0,-59.0,-2129.0,False
Nigeria,India,Air Charter,ARV,10687.0,100156,7611.3286521920445,21347.12,23483.0,-9.0,-2136.0,False
Zambia,India,Truck,ARV,6801.0,60000,6727.714554318774,7317.47,9494.0,-23.0,-2177.0,False
Mozambique,India,Truck,ARV,7908.0,34200,6437.843005419046,5496.08,7680.0,-28.0,-2184.0,False
Nigeria,South Africa,Air,ARV,298.0,3392,4663.5287805591215,2922.53,5112.0,-43.0,-2189.0,False
Côte d'Ivoire,United States,Air,HRDT,904.0,3049,9517.477619108151,7208.0,9405.0,-23.0,-2197.0,False
Vietnam,India,Air,ARV,3494.0,42836,3190.290936791937,10711.06,12911.0,-17.0,-2200.0,False
Nigeria,India,Air,ARV,531.0,4836,7611.3286521920445,3228.0,5437.0,-41.0,-2209.0,False
Ethiopia,India,Air,ARV,3931.0,29315,4313.139241046661,13215.67,15426.0,-14.0,-2210.0,False
Zimbabwe,India,Air,ARV,2262.0,22240,6987.027224085871,7364.52,9585.0,-23.0,-2220.0,False
Vietnam,Germany,Air,ARV,824.0,3812,9328.427705200047,3216.15,5438.0,-41.0,-2222.0,False
Côte d'Ivoire,India,Air,ARV,3789.0,62231,9145.215414724224,13956.38,16182.0,-14.0,-2226.0,False
Nigeria,India,Air Charter,ARV,1448.0,13104,7611.3286521920445,6147.18,8374.0,-27.0,-2227.0,False
Ethiopia,United States,Air,HRDT,1445.0,3982,13143.570787120267,7303.25,9535.0,-23.0,-2232.0,False
Haiti,India,Air,ARV,487.0,10167,14614.836973515425,6113.34,8347.0,-27.0,-2234.0,False
Nigeria,India,Air Charter,ARV,5420.0,72560,7611.3286521920445,9736.1,11981.0,-19.0,-2245.0,False
Zimbabwe,India,Truck,ARV,8955.0,76000,6987.027224085871,14958.2,17203.0,-13.0,-2245.0,False
Vietnam,India,Air,ARV,654.0,8400,3190.290936791937,4051.34,6296.0,-36.0,-2245.0,False
Vietnam,India,Air,ARV,544.0,8586,3190.290936791937,1454.64,3734.0,-61.0,-2279.0,False
Nigeria,India,Air Charter,ARV,3263.0,43441,7611.3286521920445,15322.7,17625.0,-13.0,-2302.0,False
Nigeria,India,Air Charter,ARV,9988.0,164398,7611.3286521920445,18495.9,20801.0,-11.0,-2305.0,False
Côte d'Ivoire,India,Air,ARV,1264.0,11280,9145.215414724224,3380.35,5704.0,-41.0,-2324.0,False
Rwanda,India,Air,HRDT,768.0,2034,5901.606599964873,4465.1,6814.0,-34.0,-2349.0,False
Côte d'Ivoire,India,Air,ARV,777.0,8640,9145.215414724224,3274.41,5630.0,-42.0,-2356.0,False
Côte d'Ivoire,India,Air,ARV,1655.0,4464,9145.215414724224,1211.48,3601.0,-66.0,-2390.0,False
Zimbabwe,India,Truck,ARV,6368.0,47733,6987.027224085871,2592.56,5016.0,-48.0,-2423.0,False
Nigeria,India,Air,ARV,148.0,1747,7611.3286521920445,1012.18,3448.0,-71.0,-2436.0,False
Nigeria,India,Air Charter,ARV,5960.0,52920,7611.3286521920445,9341.49,11782.0,-21.0,-2441.0,False
Nigeria,Japan,Air,HRDT,1130.0,2334,12729.905815964998,21654.06,24115.0,-10.0,-2461.0,False
Zambia,Unknown,Air,ARV,2277.0,2266,6987.027224085871,13894.08,16375.0,-15.0,-2481.0,False
Rwanda,India,Air,ARV,4143.0,48259,5901.606599964873,19088.86,21587.0,-12.0,-2498.0,False
Nigeria,India,Air Charter,ARV,59322.0,401961,7611.3286521920445,29674.92,32174.0,-8.0,-2499.0,False
Vietnam,India,Air,ARV,436.0,3000,3190.290936791937,1238.16,3753.0,-67.0,-2515.0,False
Zambia,South Korea,Air,HRDT,1054.0,452,11743.48696599269,1250.72,3782.0,-67.0,-2531.0,False
Tanzania,Unknown,Air,HRDT,1303.0,2744,6987.027224085871,22158.58,24703.0,-10.0,-2544.0,False
Mozambique,India,Air,ARV,13123.0,38975,6437.843005419046,9161.95,11752.0,-22.0,-2590.0,False
Uganda,India,Truck,ARV,1188.0,17896,5494.787724227901,4097.0,6692.0,-39.0,-2595.0,False
Côte d'Ivoire,India,Truck,ARV,2732.0,5024,9145.215414724224,10680.14,13308.0,-20.0,-2628.0,False
Tanzania,Germany,Air,ARV,3073.0,12560,6810.907084412382,12815.42,15468.0,-17.0,-2653.0,False
Nigeria,India,Air Charter,ARV,5481.0,60756,7611.3286521920445,12601.07,15273.0,-17.0,-2672.0,False
Mozambique,Unknown,Air,HRDT,1482.0,4500,6987.027224085871,1566.19,4291.0,-64.0,-2725.0,False
Tanzania,India,Truck,ARV,2461.0,12917,5670.6009127527595,3592.8,6321.0,-43.0,-2728.0,False
Vietnam,India,Air,ARV,3329.0,40890,3190.290936791937,10455.35,13192.0,-21.0,-2737.0,False
Rwanda,India,Air,ARV,2386.0,7634,5901.606599964873,1398.0,4144.0,-66.0,-2746.0,False
Zimbabwe,India,Air,ARV,7268.0,60000,6987.027224085871,13243.91,16020.0,-17.0,-2776.0,False
Nigeria,India,Air Charter,ARV,4847.0,80000,7611.3286521920445,14547.55,17348.0,-16.0,-2800.0,False
Uganda,India,Truck,ARV,1095.0,19705,5494.787724227901,4405.24,7208.0,-39.0,-2803.0,False
Zimbabwe,India,Air,ARV,1088.0,12000,6987.027224085871,4170.65,6993.0,-40.0,-2822.0,False
Tanzania,India,Truck,ARV,10913.0,29504,5670.6009127527595,3853.89,6680.0,-42.0,-2826.0,False
Côte d'Ivoire,Germany,Air,ARV,507.0,4014,5069.403726168755,4520.66,7353.0,-39.0,-2832.0,False
Zambia,India,Truck,ARV,8783.0,140000,6727.714554318774,8045.77,10883.0,-26.0,-2837.0,False
Côte d'Ivoire,India,Truck,ARV,1663.0,4448,9145.215414724224,1102.3,3954.0,-72.0,-2852.0,False
Kenya,India,Air,HRDT,2020.0,6667,5016.166887449174,10682.41,13549.0,-21.0,-2867.0,False
Côte d'Ivoire,India,Air,ARV,538.0,1417,9145.215414724224,2195.9,5074.0,-57.0,-2878.0,False
Côte d'Ivoire,Netherlands,Air,ARV,608.0,1503,5056.22628533733,1996.68,4892.0,-59.0,-2895.0,False
Zambia,India,Truck,ARV,1413.0,14653,6727.714554318774,1325.68,4228.0,-69.0,-2902.0,False
Zambia,Unknown,Air,HRDT,1989.0,5900,6987.027224085871,19569.48,22494.0,-13.0,-2925.0,False
Vietnam,India,Air,ARV,772.0,10080,3190.290936791937,4408.29,7364.0,-40.0,-2956.0,False
Vietnam,India,Air,ARV,2321.0,27186,3190.290936791937,3353.3,6336.0,-47.0,-2983.0,False
Mozambique,Germany,Truck,ARV,4227.0,18960,8141.142969491997,2259.81,5252.0,-57.0,-2992.0,False
Zambia,India,Truck,ARV,684.0,10000,6727.714554318774,1026.49,4047.0,-75.0,-3021.0,True
Côte d'Ivoire,India,Air,ARV,449.0,9500,9145.215414724224,3051.95,6097.0,-50.0,-3045.0,True
Vietnam,India,Air,ARV,568.0,13570,3190.290936791937,1646.5,4717.0,-65.0,-3070.0,True
Zambia,India,Truck,ARV,6986.0,26402,6727.714554318774,6269.7,9358.0,-33.0,-3088.0,False
Vietnam,Unknown,Air,ARV,275.0,300,6987.027224085871,1015.98,4119.0,-75.0,-3103.0,True
Zambia,India,Air,ARV,1581.0,1119,6727.714554318774,5663.0,8930.0,-37.0,-3267.0,False
Mozambique,India,Truck,ARV,14413.0,14000,6437.843005419046,5491.01,8868.0,-38.0,-3377.0,False
Guyana,Germany,Air,HRDT,38681.0,230,8159.48142116397,801.54,4208.0,-81.0,-3406.0,True
Nigeria,Germany,Air,HRDT,1192.0,3500,4682.320667594115,10879.22,14335.0,-24.0,-3456.0,False
Namibia,India,Air,ARV,2631.0,24672,8148.92371291291,12463.74,15974.0,-22.0,-3510.0,False
Côte d'Ivoire,Germany,Air,ARV,2647.0,12107,5069.403726168755,9307.0,12844.0,-28.0,-3537.0,False
"Congo, DRC",Unknown,Air,HRDT,448.0,1500,6987.027224085871,2757.4,6362.0,-57.0,-3605.0,True
Mozambique,India,Truck,ARV,5597.0,76000,6437.843005419046,1799.88,5406.0,-67.0,-3606.0,True
Uganda,India,Ocean,ARV,4334.0,71348,5494.787724227901,8144.11,11775.0,-31.0,-3631.0,False
Mozambique,India,Truck,ARV,34813.0,125202,6437.843005419046,14716.83,18373.0,-20.0,-3656.0,False
Nigeria,Germany,Air Charter,ARV,6702.0,28000,4682.320667594115,20526.0,24227.0,-15.0,-3701.0,False
Tanzania,India,Air,ARV,9996.0,131808,5670.6009127527595,8399.76,12109.0,-31.0,-3709.0,False
Vietnam,India,Air,ARV,1496.0,17240,3190.290936791937,2480.22,6214.0,-60.0,-3734.0,True
Zambia,India,Truck,ARV,9022.0,120000,6727.714554318774,4506.18,8263.0,-45.0,-3757.0,False
South Africa,India,Ocean,ARV,6876.0,19098,8255.030415213043,461.5,4226.0,-89.0,-3764.0,True
Uganda,India,Air,ARV,1863.0,18216,5494.787724227901,6757.18,10533.0,-36.0,-3776.0,False
Vietnam,India,Air,ARV,3443.0,24556,3190.290936791937,6323.76,10141.0,-38.0,-3817.0,False
"Congo, DRC",India,Air,ANTM,902.0,1070,6809.558318054198,5914.0,9732.0,-39.0,-3818.0,False
Nigeria,India,Air Charter,ARV,5896.0,65502,7611.3286521920445,6147.18,9983.0,-38.0,-3836.0,False
Nigeria,India,Air Charter,ARV,1960.0,19356,7611.3286521920445,7009.0,10847.0,-35.0,-3838.0,False
Vietnam,Germany,Air,ARV,1073.0,4400,9328.427705200047,1475.94,5316.0,-72.0,-3840.0,True
Zimbabwe,India,Air,ARV,4256.0,1860,6987.027224085871,5145.86,9016.0,-43.0,-3870.0,False
Tanzania,South Korea,Air,HRDT,3335.0,10000,10680.79369128951,23616.68,27506.0,-14.0,-3889.0,False
Nigeria,Japan,Air,HRDT,1915.0,6395,12729.905815964998,24514.33,28408.0,-14.0,-3894.0,False
Côte d'Ivoire,India,Air Charter,ARV,263.0,2340,9145.215414724224,2330.21,6228.0,-63.0,-3898.0,True
Ethiopia,India,Unknown,ARV,5184.0,78460,4313.139241046661,17910.0,21816.0,-18.0,-3906.0,False
Nigeria,Unknown,Air,HRDT,3473.0,5903,6987.027224085871,35117.35,39074.0,-10.0,-3957.0,False
Uganda,Unknown,Air,HRDT,1978.0,4872,6987.027224085871,16876.25,20837.0,-19.0,-3961.0,False
Côte d'Ivoire,Netherlands,Air,ARV,933.0,3271,5056.22628533733,3409.91,7379.0,-54.0,-3969.0,True
Zambia,India,Truck,ARV,3325.0,60683,6727.714554318774,3379.64,7369.0,-54.0,-3989.0,True
Uganda,India,Truck,ARV,1055.0,9000,5494.787724227901,2961.0,6973.0,-58.0,-4012.0,True
Zambia,India,Truck,ARV,7469.0,20000,6727.714554318774,3949.19,7979.0,-51.0,-4030.0,True
Tanzania,India,Air,ARV,7696.0,53239,5670.6009127527595,33442.63,37477.0,-11.0,-4034.0,False
South Africa,India,Ocean,ARV,7225.0,105278,8255.030415213043,6038.21,10088.0,-40.0,-4050.0,False
Botswana,China,Air,HRDT,1111.0,1600,10556.673699212099,8542.94,12606.0,-32.0,-4063.0,False
Zambia,India,Truck,ARV,3925.0,55000,6727.714554318774,2196.18,6259.0,-65.0,-4063.0,True
Swaziland,India,Air,ARV,2237.0,19100,7324.285829851696,3148.12,7329.0,-57.0,-4181.0,True
Uganda,Unknown,Air,HRDT,2432.0,6000,6987.027224085871,23482.06,27722.0,-15.0,-4240.0,False
South Africa,India,Ocean,ARV,2555.0,19271,8255.030415213043,2347.77,6602.0,-64.0,-4254.0,True
Zambia,India,Truck,ARV,9221.0,110000,6727.714554318774,8104.79,12364.0,-34.0,-4259.0,False
Côte d'Ivoire,India,Air,ARV,2979.0,672,9145.215414724224,3365.45,7629.0,-56.0,-4264.0,True
Rwanda,South Korea,Air,HRDT,571.0,1600,10844.682202358337,5161.55,9437.0,-45.0,-4275.0,False
Nigeria,India,Air Charter,ARV,19.0,210,7611.3286521920445,9736.1,14022.0,-31.0,-4286.0,False
Côte d'Ivoire,United States,Air,HRDT,1252.0,3400,9517.477619108151,10821.66,15149.0,-29.0,-4327.0,False
Côte d'Ivoire,South Korea,Air,HRDT,859.0,2418,13152.77873500515,7894.76,12288.0,-36.0,-4393.0,False
Zambia,India,Truck,ARV,3832.0,52483,6727.714554318774,4356.74,8771.0,-50.0,-4414.0,True
Uganda,India,Air,ARV,2538.0,3519,5494.787724227901,6298.34,10715.0,-41.0,-4417.0,False
Vietnam,India,Air,ARV,3244.0,21000,3190.290936791937,6195.84,10632.0,-42.0,-4436.0,False
Nigeria,India,Air,ARV,1250.0,10000,7611.3286521920445,6147.18,10620.0,-42.0,-4473.0,False
Cameroon,India,Air,ARV,2993.0,16820,7290.254838126915,28620.2,33111.0,-14.0,-4491.0,False
Côte d'Ivoire,India,Air,ARV,1456.0,10000,9145.215414724224,5048.32,9588.0,-47.0,-4540.0,False
Tanzania,India,Truck,ARV,5467.0,25836,5670.6009127527595,3567.2,8125.0,-56.0,-4558.0,True
Nigeria,India,Air Charter,ARV,7798.0,69491,7611.3286521920445,15128.37,19687.0,-23.0,-4559.0,False
Vietnam,India,Air,ARV,1616.0,27634,3190.290936791937,3147.88,7751.0,-59.0,-4603.0,True
Rwanda,India,Truck,ARV,15302.0,157062,5901.606599964873,12757.0,17375.0,-27.0,-4618.0,False
Mozambique,India,Truck,ARV,18031.0,84875,6437.843005419046,7433.02,12088.0,-39.0,-4655.0,False
Zambia,India,Truck,ARV,2630.0,54869,6727.714554318774,3402.23,8112.0,-58.0,-4710.0,True
Zambia,Unknown,Air,ARV,2410.0,2569,6987.027224085871,14384.91,19235.0,-25.0,-4850.0,False
Côte d'Ivoire,India,Air,ARV,2633.0,7107,9145.215414724224,3688.33,8658.0,-57.0,-4970.0,True
Tanzania,South Korea,Air,HRDT,3334.0,10000,10680.79369128951,22523.12,27540.0,-18.0,-5017.0,False
Mozambique,Unknown,Air,HRDT,1351.0,3319,6987.027224085871,9168.48,14296.0,-36.0,-5128.0,False
Mozambique,India,Truck,ARV,28111.0,40070,6437.843005419046,18448.52,23654.0,-22.0,-5205.0,False
Zimbabwe,India,Air,ARV,1920.0,20000,6987.027224085871,5055.8,10287.0,-51.0,-5231.0,True
Zimbabwe,India,Air,ARV,4303.0,2508,6987.027224085871,12894.85,18190.0,-29.0,-5295.0,False
Rwanda,India,Air,ARV,1514.0,4192,5901.606599964873,6072.8,11413.0,-47.0,-5340.0,False
Vietnam,United States,Truck,ARV,1054.0,1968,13797.909598912662,1401.49,6859.0,-80.0,-5458.0,True
Tanzania,South Korea,Air,HRDT,3327.0,9200,10680.79369128951,13606.4,19174.0,-29.0,-5568.0,False
South Africa,India,Ocean,ARV,2808.0,32083,8255.030415213043,630.5,6265.0,-90.0,-5634.0,True
Mozambique,India,Air,ARV,7426.0,98396,6437.843005419046,2400.25,8119.0,-70.0,-5719.0,True
Nigeria,India,Air Charter,ARV,8799.0,68072,7611.3286521920445,15880.0,21615.0,-27.0,-5735.0,False
Uganda,Unknown,Air,HRDT,2432.0,6000,6987.027224085871,23178.68,28966.0,-20.0,-5787.0,False
Côte d'Ivoire,Germany,Air,ARV,4113.0,16695,5069.403726168755,30130.82,35949.0,-16.0,-5818.0,False
Nigeria,Unknown,Air,HRDT,2755.0,4177,6987.027224085871,25709.5,31553.0,-19.0,-5844.0,False
Zambia,India,Truck,ARV,6449.0,112000,6727.714554318774,7962.26,13853.0,-43.0,-5891.0,False
Tanzania,India,Ocean,ARV,8182.0,65763,5670.6009127527595,7814.59,13770.0,-43.0,-5955.0,False
Nigeria,India,Air Charter,ARV,30789.0,240976,7611.3286521920445,25231.96,31255.0,-19.0,-6023.0,False
Vietnam,India,Air,ARV,941.0,1000,3190.290936791937,4193.49,10341.0,-59.0,-6148.0,True
Nigeria,Unknown,Air,HRDT,1241.0,3055,6987.027224085871,13325.59,19474.0,-32.0,-6148.0,False
Tanzania,South Korea,Air,HRDT,3334.0,10000,10680.79369128951,23030.38,29230.0,-21.0,-6200.0,False
Nigeria,United States,Air,HRDT,2278.0,7500,10649.157965231565,15893.71,22123.0,-28.0,-6229.0,False
Côte d'Ivoire,India,Air,ARV,6542.0,2240,9145.215414724224,18611.93,24900.0,-25.0,-6288.0,False
Nigeria,India,Air,ARV,2095.0,164,7611.3286521920445,10098.25,16401.0,-38.0,-6303.0,False
Mozambique,Germany,Air,HRDT,2526.0,4000,8141.142969491997,1871.05,8210.0,-77.0,-6339.0,True
Nigeria,United States,Air,HRDT,1531.0,5004,10649.157965231565,11731.15,18161.0,-35.0,-6430.0,False
Nigeria,India,Air Charter,ARV,9629.0,100654,7611.3286521920445,21326.73,27776.0,-23.0,-6449.0,False
Rwanda,Unknown,Air,HRDT,613.0,1460,6987.027224085871,5405.42,11886.0,-55.0,-6481.0,True
Nigeria,Unknown,Air,HRDT,1248.0,3072,6987.027224085871,13383.47,19865.0,-33.0,-6482.0,False
Nigeria,United States,Air,HRDT,1252.0,3337,10649.157965231565,5758.84,12665.0,-55.0,-6906.0,True
Rwanda,India,Air,ARV,4124.0,38784,5901.606599964873,10500.0,17424.0,-40.0,-6924.0,False
Zambia,India,Air,ARV,4162.0,80000,6727.714554318774,9939.38,16960.0,-41.0,-7021.0,False
Rwanda,India,Air,ARV,6490.0,9565,5901.606599964873,3010.89,10065.0,-70.0,-7054.0,True
Tanzania,South Korea,Air,HRDT,3334.0,10000,10680.79369128951,22086.15,29230.0,-24.0,-7144.0,False
Tanzania,South Korea,Air,HRDT,3349.0,10000,10680.79369128951,22523.12,29678.0,-24.0,-7155.0,False
Zambia,Unknown,Air,HRDT,2391.0,7280,6987.027224085871,25818.23,33036.0,-22.0,-7218.0,False
Uganda,India,Air,ARV,3262.0,61386,5494.787724227901,12034.96,19380.0,-38.0,-7345.0,False
Nigeria,India,Air,ARV,1360.0,10150,7611.3286521920445,7665.38,15083.0,-49.0,-7418.0,False
Nigeria,India,Air Charter,ARV,10656.0,95597,7611.3286521920445,20992.67,28647.0,-27.0,-7654.0,False
Cameroon,India,Air,ARV,4549.0,47268,7290.254838126915,36166.79,43885.0,-18.0,-7718.0,False
South Africa,India,Ocean,ARV,12.0,120,8255.030415213043,160.52,7918.0,-98.0,-7757.0,True
Nigeria,India,Air Charter,ARV,22259.0,22790,7611.3286521920445,29780.5,37644.0,-21.0,-7864.0,False
Tanzania,India,Air,ARV,5808.0,53149,5670.6009127527595,28514.49,36592.0,-22.0,-8078.0,False
Côte d'Ivoire,India,Air,ARV,5625.0,50000,9145.215414724224,11702.27,19784.0,-41.0,-8082.0,False
Nigeria,United States,Air,HRDT,1252.0,3487,10649.157965231565,5850.25,13952.0,-58.0,-8102.0,True
Côte d'Ivoire,India,Air,ARV,7275.0,33998,9145.215414724224,8758.36,16938.0,-48.0,-8180.0,False
Sudan,Unknown,Air,HRDT,1054.0,4,6987.027224085871,878.34,9074.0,-90.0,-8196.0,True
Tanzania,South Korea,Air,HRDT,1650.0,4950,10680.79369128951,11737.26,20142.0,-42.0,-8405.0,False
Tanzania,India,Truck,ARV,17227.0,152880,5670.6009127527595,7134.39,15569.0,-54.0,-8435.0,True
Cameroon,Unknown,Air,HRDT,2020.0,5000,6987.027224085871,29918.58,38500.0,-22.0,-8581.0,False
Nigeria,United States,Air,HRDT,2707.0,8153,10649.157965231565,13535.55,22202.0,-39.0,-8666.0,False
Rwanda,India,Ocean,ARV,3865.0,28869,5901.606599964873,5678.36,14349.0,-60.0,-8671.0,True
Uganda,Unknown,Air,HRDT,780.0,2481,6987.027224085871,5024.15,13739.0,-63.0,-8715.0,True
Ghana,India,Ocean,ARV,5467.0,13863,8660.640535331582,11447.38,20163.0,-43.0,-8716.0,False
Nigeria,India,Air Charter,ARV,5494.0,53279,7611.3286521920445,15322.73,24050.0,-36.0,-8727.0,False
Zambia,India,Unknown,ARV,3880.0,50000,6727.714554318774,3817.12,12562.0,-70.0,-8745.0,True
Zimbabwe,India,Air,ARV,7112.0,47390,6987.027224085871,3833.17,12656.0,-70.0,-8823.0,True
Zimbabwe,India,Truck,ARV,7831.0,59680,6987.027224085871,4529.65,13395.0,-66.0,-8865.0,True
Tanzania,India,Truck,ARV,20501.0,151208,5670.6009127527595,13765.17,22703.0,-39.0,-8938.0,False
Zambia,India,Air,ARV,8645.0,100000,6727.714554318774,14041.17,23010.0,-39.0,-8969.0,False
Nigeria,Unknown,Air,HRDT,2355.0,2769,6987.027224085871,16816.33,25807.0,-35.0,-8991.0,False
Rwanda,India,Ocean,ARV,3077.0,38113,5901.606599964873,6499.25,15739.0,-59.0,-9240.0,True
South Africa,India,Ocean,ARV,5623.0,64260,8255.030415213043,630.5,9992.0,-94.0,-9362.0,True
Mozambique,India,Truck,ARV,36903.0,66946,6437.843005419046,7928.11,17371.0,-54.0,-9443.0,True
Uganda,India,Air,ARV,6874.0,52127,5494.787724227901,16177.09,25964.0,-38.0,-9787.0,False
Mozambique,India,Truck,ARV,22479.0,43020,6437.843005419046,6483.81,16384.0,-60.0,-9900.0,True
Rwanda,China,Air,HRDT,1383.0,2072,8730.866233573326,18323.97,28709.0,-36.0,-10385.0,False
Nigeria,Germany,Air,HRDT,1194.0,3500,4682.320667594115,5858.57,16407.0,-64.0,-10548.0,True
Nigeria,India,Air Charter,ARV,9.0,156,7611.3286521920445,12601.07,23206.0,-46.0,-10605.0,False
Mozambique,India,Truck,ARV,25666.0,182729,6437.843005419046,7733.77,18411.0,-58.0,-10677.0,True
Nigeria,India,Air Charter,ARV,46522.0,326131,7611.3286521920445,27441.22,38135.0,-28.0,-10694.0,False
Tanzania,India,Truck,ARV,20975.0,22340,5670.6009127527595,3279.25,14156.0,-77.0,-10877.0,True
Rwanda,India,Air,ARV,3539.0,60300,5901.606599964873,16769.43,27725.0,-40.0,-10956.0,False
Zambia,India,Truck,ARV,17001.0,150000,6727.714554318774,6079.27,17626.0,-66.0,-11547.0,True
Uganda,Germany,Air,ARV,9014.0,84,5903.2537910985175,892.92,12591.0,-93.0,-11698.0,True
Haiti,India,Air,ARV,3957.0,42000,14614.836973515425,32483.5,44229.0,-27.0,-11746.0,False
Zimbabwe,India,Air,ARV,9210.0,164950,6987.027224085871,7510.0,20103.0,-63.0,-12593.0,True
Rwanda,India,Truck,ARV,9905.0,97619,5901.606599964873,5445.73,18210.0,-70.0,-12764.0,True
Nigeria,India,Air Charter,ARV,2847.0,46050,7611.3286521920445,5703.06,18850.0,-70.0,-13147.0,True
Uganda,India,Air,ARV,7464.0,20000,5494.787724227901,4605.44,18189.0,-75.0,-13584.0,True
Côte d'Ivoire,India,Truck,ARV,16614.0,145000,9145.215414724224,24788.37,38491.0,-36.0,-13703.0,False
Rwanda,India,Air,ARV,3204.0,55710,5901.606599964873,19625.64,33426.0,-41.0,-13800.0,False
Rwanda,India,Truck,ARV,22442.0,50000,5901.606599964873,12995.06,27169.0,-52.0,-14174.0,True
Côte d'Ivoire,India,Air,ARV,17126.0,2296,9145.215414724224,17941.46,32323.0,-44.0,-14382.0,False
Uganda,India,Ocean,ARV,37127.0,165179,5494.787724227901,33981.11,48491.0,-30.0,-14510.0,False
Uganda,India,Air,ARV,8402.0,60678,5494.787724227901,28304.85,44123.0,-36.0,-15818.0,False
Côte d'Ivoire,India,Air,ARV,7916.0,12169,9145.215414724224,21397.38,37421.0,-43.0,-16024.0,False
Nigeria,India,Air Charter,ARV,32219.0,156995,7611.3286521920445,50569.84,66733.0,-24.0,-16163.0,False
Tanzania,India,Air,ARV,7017.0,76427,5670.6009127527595,5367.09,21804.0,-75.0,-16437.0,True
Nigeria,Unknown,Air,HRDT,9312.0,31842,6987.027224085871,77833.24,94539.0,-18.0,-16706.0,False
Côte d'Ivoire,India,Truck,ARV,16851.0,40035,9145.215414724224,23776.41,40766.0,-42.0,-16990.0,False
Tanzania,South Korea,Air,HRDT,1639.0,4913,10680.79369128951,2277.0,19824.0,-89.0,-17547.0,True
Nigeria,India,Air,ARV,15200.0,176143,7611.3286521920445,9735.95,27416.0,-64.0,-17680.0,True
Zimbabwe,India,Air,ARV,8894.0,1973,6987.027224085871,102.67,18395.0,-99.0,-18292.0,True
Rwanda,India,Ocean,ARV,9684.0,104000,5901.606599964873,7898.15,26491.0,-70.0,-18593.0,True
Côte d'Ivoire,Germany,Air,ARV,5089.0,20280,5069.403726168755,31318.31,49987.0,-37.0,-18669.0,False
Haiti,India,Air,ARV,6234.0,64241,14614.836973515425,31214.27,50086.0,-38.0,-18872.0,False
Tanzania,India,Ocean,ARV,21675.0,163929,5670.6009127527595,20312.64,41818.0,-51.0,-21505.0,True
Ghana,India,Truck,ARV,8701.0,23000,8660.640535331582,3975.7,25823.0,-85.0,-21847.0,True
Rwanda,India,Ocean,ARV,24219.0,176100,5901.606599964873,23736.39,45676.0,-48.0,-21940.0,False
Uganda,India,Truck,ARV,18737.0,100000,5494.787724227901,9857.35,38031.0,-74.0,-28174.0,True
Tanzania,Unknown,Air,HRDT,7500.0,1500,6987.027224085871,19196.73,48096.0,-60.0,-28899.0,True
Uganda,India,Air,ARV,8115.0,61394,5494.787724227901,13817.65,42962.0,-68.0,-29144.0,True
